,North East,North West,Yorkshire and The Humber,East Midlands,West Midlands,East of England,London,South East,South West,Total Regions
0170 The University of Aberdeen Estimated Incoming Antibody Pos,7.2416666663,13.469499999999998,5.90525,4.7005,4.5820000002,8.7295,37.656666674,8.98625,3.3180000002999996,94.5893333408
0095 Abertay University Estimated Incoming Antibody Pos,0.9874999999499999,1.7379999999999998,0.5135,0.553,1.14550000005,1.00725,1.711666667,1.027,0.55300000005,9.23641666705
0177 Aberystwyth University Estimated Incoming Antibody Pos,2.6333333332,33.022,7.445749999999999,13.272,88.58533333720001,18.130499999999998,34.23333334,25.675,13.6406666679,236.63791667830003
0213 AECC University College Estimated Incoming Antibody Pos,0.0,0.43449999999999994,0.5135,0.553,1.5273333334,1.67875,2.5675000005000004,4.36475,3.87100000035,15.51033333425
0047 Anglia Ruskin University Estimated Incoming Antibody Pos,6.912499999649999,19.118,12.06725,44.793,19.0916666675,686.273,1097.178333547,58.79575,8.29500000075,1952.5245002149002
0108 Aston University Estimated Incoming Antibody Pos,4.279166666449999,36.9325,10.52675,51.1525,420.39850001835003,37.268249999999995,246.480000048,36.71525,11.24433333435,854.99725006715
0178 Bangor University Estimated Incoming Antibody Pos,4.6083333331,119.4875,15.14825,15.484000000000002,49.6383333355,22.159499999999998,45.3591666755,25.418249999999997,10.507000000949999,307.81033334504997
0048 Bath Spa University Estimated Incoming Antibody Pos,1.9749999998999999,12.165999999999999,4.108,10.507,32.45583333475,26.86,65.043333346,65.728,132.720000012,351.56316669265
0109 The University of Bath Estimated Incoming Antibody Pos,7.2416666663,40.842999999999996,12.323999999999998,20.7375,47.729166668750004,68.82875,250.7591667155,147.63125,72.44300000655,668.5375000571
0026 University of Bedfordshire Estimated Incoming Antibody Pos,0.9874999999499999,9.1245,3.3377499999999998,42.8575,83.62150000365,299.15325,389.4041667425,70.34949999999999,3.13366666695,901.9693334130501
0184 Queen's University Belfast Estimated Incoming Antibody Pos,4.93749999975,19.118,3.85125,4.977,7.636666666999999,7.72225,46.21500000900001,13.350999999999999,5.161333333799999,112.97000000955
0127 Birkbeck College Estimated Incoming Antibody Pos,1.3166666666,4.345,2.82425,3.0415000000000005,6.873000000299999,41.96875,1371.9008336005002,41.08,4.0553333337,1477.4053336011
0052 Birmingham City University Estimated Incoming Antibody Pos,4.93749999975,49.098499999999994,22.337249999999997,92.6275,1179.1013333848,49.690999999999995,166.03166669900003,54.431,29.493333336,1647.74908341955
0110 The University of Birmingham Estimated Incoming Antibody Pos,15.141666665899999,133.826,52.63375,107.00550000000001,572.36816669165,139.672,472.42000009200007,187.68425,72.81166667325,1753.5630001228003
0200 University College Birmingham Estimated Incoming Antibody Pos,0.6583333333,6.5175,3.5945,12.9955,172.20683334084998,6.37925,29.098333339,5.90525,3.3180000002999996,240.67350001345
0007 Bishop Grosseteste University Estimated Incoming Antibody Pos,0.6583333333,2.1725,20.796749999999996,82.95,2.2910000001,13.76575,1.711666667,1.5404999999999998,0.36866666670000003,126.25516666709999
0049 The University of Bolton Estimated Incoming Antibody Pos,2.30416666655,454.9214999999999,21.566999999999997,6.083000000000001,9.54583333375,4.7005,12.8375000025,3.85125,2.39633333355,518.2070833363499
0197 The Arts University Bournemouth Estimated Incoming Antibody Pos,0.9874999999499999,3.9104999999999994,1.79725,4.7005,9.9276666671,15.10875,61.620000012,49.8095,30.046333336049997,177.90800001510001
0050 Bournemouth University Estimated Incoming Antibody Pos,1.9749999998999999,10.8625,4.6215,11.336500000000001,27.87383333455,65.47125,284.13666672200003,269.84425,191.706666684,867.8281667404501
0111 The University of Bradford Estimated Incoming Antibody Pos,5.2666666664,85.59649999999999,295.00575,8.5715,11.4550000005,7.050749999999999,29.9541666725,5.6485,1.8433333335,450.39216667290003
0051 The University of Brighton Estimated Incoming Antibody Pos,10.5333333328,20.421499999999998,11.040249999999999,21.567000000000004,27.87383333455,114.49074999999999,531.4725001035,489.36549999999994,43.318333337249996,1270.0830001081
0337 The University College of Osteopathy Estimated Incoming Antibody Pos,0.0,0.43449999999999994,0.25675,0.553,0.7636666667,3.3575,36.800833340500006,4.8782499999999995,0.36866666670000003,47.41316667390001
0112 The University of Bristol Estimated Incoming Antibody Pos,14.4833333326,84.7275,29.01275,40.0925,87.8216666705,97.3675,620.4791667875,211.562,162.5820000147,1348.1284168053003
0113 Brunel University London Estimated Incoming Antibody Pos,1.64583333325,10.427999999999999,3.85125,7.742000000000001,14.891500000650002,56.070249999999994,1125.4208335525002,85.241,9.954000000899999,1315.2446668873001
0009 Buckinghamshire New University Estimated Incoming Antibody Pos,3.9499999997999997,43.0155,11.040249999999999,17.696,59.566000002600006,73.865,612.7766667860001,157.90125,11.797333334400001,991.6080001228
0203 The University of Buckingham Estimated Incoming Antibody Pos,0.9874999999499999,4.345,2.82425,7.189,9.9276666671,23.83825,80.44833334900001,40.5665,4.0553333337,174.18183334974998
0114 The University of Cambridge Estimated Incoming Antibody Pos,21.39583333225,76.0375,36.4585,37.3275,51.54750000225,173.9185,551.1566667740001,130.429,34.101666669749996,1112.37266677825
0188 The Institute of Cancer Research Estimated Incoming Antibody Pos,0.0,0.43449999999999994,0.0,0.2765,0.0,1.00725,23.963333338,2.31075,0.18433333335000002,28.17666667135
0012 Canterbury Christ Church University Estimated Incoming Antibody Pos,1.64583333325,6.951999999999999,2.5675,5.53,6.1093333336,74.20075,462.15000009000005,459.83924999999994,5.34566666715,1024.3403334240002
0179 Cardiff University Estimated Incoming Antibody Pos,5.9249999997,53.44349999999999,15.14825,27.65,119.8956666719,48.68375,221.66083337650002,156.10399999999998,157.60500001425,806.1160000623499
0089 Cardiff Metropolitan University Estimated Incoming Antibody Pos,1.64583333325,13.035,4.108,6.359500000000001,36.27416666825,10.0725,23.107500004500004,25.675,54.9313333383,175.2088333443
0053 The University of Central Lancashire Estimated Incoming Antibody Pos,14.812499999249999,1379.5375,46.7285,17.9725,36.27416666825,19.473499999999998,60.764166678500004,16.9455,7.7420000007,1600.2503333466998
0011 University of Chester Estimated Incoming Antibody Pos,9.8749999995,603.5205,25.931749999999997,19.908,132.49616667245,16.45175,35.945000007000004,14.634749999999999,7.373333334,866.13625001295
0082 The University of Chichester Estimated Incoming Antibody Pos,1.3166666666,5.2139999999999995,2.5675,8.0185,8.78216666705,19.473499999999998,53.061666677000005,184.3465,12.903333334500001,295.68383334515
"0115 City, University of London Estimated Incoming Antibody Pos",2.30416666655,13.903999999999998,4.108,8.0185,12.982333333900002,69.1645,1545.635000301,54.17425,7.5576666673499995,1717.8484169688002
0199 Conservatoire for Dance and Drama Estimated Incoming Antibody Pos,2.30416666655,5.6485,4.108,2.4885,3.8183333334999996,5.372000000000001,40.224166674500005,8.7295,3.686666667,76.37983334155001
0201 Courtauld Institute of Art Estimated Incoming Antibody Pos,0.0,1.3034999999999999,0.25675,0.553,0.7636666667,1.67875,21.395833337500004,2.5675,1.2903333334499998,29.809333337650003
0056 Coventry University Estimated Incoming Antibody Pos,6.25416666635,41.711999999999996,38.76925,109.494,771.6851667003499,100.38924999999999,706.0625001375,95.76774999999999,21.3826666686,1891.5167501728
0002 Cranfield University Estimated Incoming Antibody Pos,1.9749999998999999,10.427999999999999,3.85125,7.742000000000001,11.4550000005,22.159499999999998,56.485000011000004,27.729,21.93566666865,163.76041668005
0206 University for the Creative Arts Estimated Incoming Antibody Pos,0.9874999999499999,6.5175,3.3377499999999998,5.53,9.9276666671,22.831,150.626666696,99.87574999999998,7.18900000065,306.82283336370006
0038 University of Cumbria Estimated Incoming Antibody Pos,25.0166666654,330.6545,15.66175,7.189,7.636666666999999,7.050749999999999,94.99750001849999,5.90525,3.5023333336499998,497.61441668454995
0068 De Montfort University Estimated Incoming Antibody Pos,7.5708333329499995,48.2295,30.039749999999998,420.28,197.40783334194998,119.86274999999999,411.6558334135,65.2145,13.82500000125,1314.08600008965
0057 University of Derby Estimated Incoming Antibody Pos,7.5708333329499995,43.884499999999996,48.269,473.36800000000005,198.553333342,51.034,65.043333346,25.931749999999997,9.401000000849999,923.0557500218
0172 The University of Dundee Estimated Incoming Antibody Pos,9.54583333285,17.8145,5.391749999999999,3.8710000000000004,5.345666666900001,7.3865,26.530833338500003,7.7025,2.2120000002,85.80058333845001
0116 University of Durham Estimated Incoming Antibody Pos,131.00833332669998,107.3215,58.28225,37.051,49.25650000215,88.97375,311.523333394,115.5375,28.57166666925,927.5258333921
0117 The University of East Anglia Estimated Incoming Antibody Pos,7.5708333329499995,19.987,14.891499999999999,36.7745,22.528166667649998,514.70475,329.4958333975,93.457,14.3780000013,1053.7875833994
0058 The University of East London Estimated Incoming Antibody Pos,2.30416666655,12.6005,4.6215,7.742000000000001,11.83683333385,73.52925,1444.6466669480003,36.4585,5.8986666672000005,1599.6380836156002
0016 Edge Hill University Estimated Incoming Antibody Pos,7.5708333329499995,917.2294999999999,21.82375,11.336500000000001,31.69216666805,7.72225,13.693333336,6.93225,3.3180000002999996,1021.3185833372999
0107 Edinburgh Napier University Estimated Incoming Antibody Pos,8.887499999549998,6.951999999999999,3.0809999999999995,1.9355000000000002,2.6728333334500003,2.6860000000000004,8.558333335,2.5675,1.2903333334499998,38.63100000145
0167 The University of Edinburgh Estimated Incoming Antibody Pos,30.941666665099998,83.42399999999999,40.5665,23.779,26.728333334499997,53.0485,338.0541667325,82.41675,30.41500000275,709.37391673485
0118 The University of Essex Estimated Incoming Antibody Pos,3.2916666665,13.903999999999998,7.189,13.825,19.8553333342,283.70875,623.9025001215,65.98474999999999,11.24433333435,1042.90533345655
0119 The University of Exeter Estimated Incoming Antibody Pos,4.6083333331,32.5875,13.350999999999999,26.820500000000003,77.51216667005001,103.411,400.530000078,230.30474999999998,211.2460000191,1100.3712501002499
0017 Falmouth University Estimated Incoming Antibody Pos,2.6333333332,16.511,6.161999999999999,12.166000000000002,30.16483333465,30.55325,104.411666687,54.687749999999994,73.73333334,331.02316669485
0229 The National Film and Television School Estimated Incoming Antibody Pos,0.0,0.43449999999999994,0.25675,0.553,0.7636666667,1.00725,14.5491666695,1.79725,0.36866666670000003,19.730250002900004
0106 Glasgow Caledonian University Estimated Incoming Antibody Pos,1.3166666666,5.2139999999999995,1.79725,1.106,1.9091666667499998,3.02175,19.6841666705,3.5945,1.2903333334499998,38.9338333373
0097 Glasgow School of Art Estimated Incoming Antibody Pos,1.9749999998999999,5.6485,2.5675,1.3825,1.5273333334,3.02175,21.395833337500004,3.5945,1.6590000001499998,42.771916670950006
0168 The University of Glasgow Estimated Incoming Antibody Pos,23.041666665499996,54.3125,16.9455,7.742000000000001,12.2186666672,19.137749999999997,91.5741666845,23.36425,8.29500000075,256.63150001795
0054 University of Gloucestershire Estimated Incoming Antibody Pos,1.9749999998999999,10.8625,4.8782499999999995,13.825,74.0756666699,23.83825,41.080000008000006,41.33675,150.41600001359998,362.2874166914
0087 Glyndŵr University Estimated Incoming Antibody Pos,0.6583333333,48.2295,1.28375,1.106,30.546666667999997,1.67875,11.125833335500001,1.027,0.7373333334000001,96.39316667019999
0131 Goldsmiths College Estimated Incoming Antibody Pos,3.62083333315,17.8145,6.6754999999999995,8.848,14.891500000650002,36.260999999999996,830.158333495,45.701499999999996,14.3780000013,978.3491668301
0336 Gower College Swansea Estimated Incoming Antibody Pos,0.0,0.0,0.0,0.0,0.0,0.0,0.0,0.0,0.0,0.0
0059 The University of Greenwich Estimated Incoming Antibody Pos,2.96249999985,9.9935,6.41875,9.124500000000001,10.30950000045,80.58,1434.3766669460001,152.25275,8.8480000008,1714.8661669471003
0208 Guildhall School of Music and Drama Estimated Incoming Antibody Pos,0.32916666665,2.6069999999999998,2.31075,1.3825,1.9091666667499998,6.0435,42.79166667500001,6.93225,2.02766666685,66.33366667525
0018 Harper Adams University Estimated Incoming Antibody Pos,7.5708333329499995,32.153,20.28325,32.074,48.1110000021,39.6185,19.6841666705,28.756,18.98633333505,247.23708334059998
0352 Hartpury University Estimated Incoming Antibody Pos,0.9874999999499999,3.4759999999999995,1.79725,4.1475,18.3280000008,5.372000000000001,10.270000002000002,13.350999999999999,22.120000002,79.84925000475
0171 Heriot-Watt University Estimated Incoming Antibody Pos,9.54583333285,18.6835,6.41875,3.318,4.96383333355,9.401,27.386666672,8.7295,2.39633333355,90.84341667195001
0060 University of Hertfordshire Estimated Incoming Antibody Pos,4.6083333331,17.38,7.7025,28.203000000000003,23.29183333435,529.1419999999999,1198.1666668999999,98.84875,11.797333334400001,1919.1404169018497
0061 The University of Huddersfield Estimated Incoming Antibody Pos,11.520833332749998,202.9115,488.852,19.355,18.3280000008,14.437249999999999,31.6658333395,8.98625,2.5806666668999996,798.6373333399499
0120 The University of Hull Estimated Incoming Antibody Pos,28.63749999855,67.3475,472.67674999999997,52.258500000000005,26.34650000115,36.59675,94.99750001849999,22.594,5.161333333799999,806.616333352
"0132 Imperial College of Science, Technology and Medicine Estimated Incoming Antibody Pos",8.558333332899998,41.2775,15.9185,17.4195,30.92850000135,56.070249999999994,634.1725001235,81.90325,18.24900000165,904.4973334593999
0121 Keele University Estimated Incoming Antibody Pos,7.899999999599999,119.92199999999998,22.337249999999997,33.4565,335.63150001465,38.61125,145.491666695,37.485499999999995,11.98166666775,752.817333377
0122 The University of Kent Estimated Incoming Antibody Pos,3.9499999997999997,17.38,7.189,17.9725,21.382666667600002,141.35074999999998,817.3208334925001,281.39799999999997,16.40566666815,1324.3494168280502
0134 King's College London Estimated Incoming Antibody Pos,12.5083333327,50.836499999999994,20.54,25.991,48.8746666688,115.16225,1845.1766670260001,167.9145,35.3920000032,2322.3959170307003
0063 Kingston University Estimated Incoming Antibody Pos,6.25416666635,16.0765,8.47275,9.6775,15.273333333999998,47.005,1408.7016669410002,142.49625,19.72366666845,1673.6808336098002
0123 The University of Lancaster Estimated Incoming Antibody Pos,17.44583333245,379.75299999999993,42.6205,22.673000000000002,49.25650000215,33.91075,98.42083335250001,35.945,11.61300000105,691.6384166881498
0211 Leeds Arts University Estimated Incoming Antibody Pos,7.5708333329499995,28.2425,27.729,7.4655000000000005,5.345666666900001,8.39375,18.828333337,6.41875,2.2120000002,112.20633333705001
0064 Leeds Beckett University Estimated Incoming Antibody Pos,87.88749999554999,313.709,534.81025,88.2035,53.07483333565,59.76349999999999,89.86250001750001,35.174749999999996,14.562333334649999,1277.04816668335
0351 Leeds College of Music Estimated Incoming Antibody Pos,2.96249999985,13.469499999999998,14.378,6.083000000000001,5.72750000025,7.050749999999999,16.2608333365,5.391749999999999,2.39633333355,73.72016667015001
0124 The University of Leeds Estimated Incoming Antibody Pos,75.0499999962,358.02799999999996,358.67975,108.6645,110.34983333815,143.02949999999998,488.6808334285,136.33425,37.78833333675,1816.6050000996
0040 Leeds Trinity University Estimated Incoming Antibody Pos,11.520833332749998,29.111499999999996,117.84825,9.124500000000001,5.345666666900001,7.72225,7.7025000015,3.3377499999999998,1.2903333334499998,193.0035833346
0125 The University of Leicester Estimated Incoming Antibody Pos,9.2166666662,51.705499999999994,29.782999999999998,166.453,109.58616667145002,87.63074999999999,388.54833340900007,68.03875,14.746666668,925.7088334146501
0062 The University of Lincoln Estimated Incoming Antibody Pos,14.15416666595,43.45,130.68574999999998,300.0025,48.8746666688,189.69875,84.7275000165,41.08,6.636000000599999,859.30933335185
0023 Liverpool Hope University Estimated Incoming Antibody Pos,4.6083333331,263.30699999999996,9.243,6.359500000000001,22.528166667649998,4.029,13.693333336,3.85125,1.6590000001499998,329.2785833369
0065 Liverpool John Moores University Estimated Incoming Antibody Pos,16.4583333325,1202.2614999999998,46.47175,29.0325,99.65850000435,21.15225,47.926666676,20.28325,8.4793333341,1491.7240833469496
0209 The Liverpool Institute for Performing Arts Estimated Incoming Antibody Pos,0.9874999999499999,18.6835,3.0809999999999995,2.765,5.345666666900001,2.35025,7.7025000015,2.82425,0.92166666675,44.6613333351
0126 The University of Liverpool Estimated Incoming Antibody Pos,27.649999998599995,680.8615,90.88949999999998,59.4475,150.06050000655,64.464,212.24666670800002,78.30875,29.30900000265,1393.2374167158
0228 Liverpool School of Tropical Medicine Estimated Incoming Antibody Pos,0.32916666665,8.69,0.7702499999999999,0.553,0.7636666667,0.6715000000000001,3.423333334,1.28375,0.55300000005,17.0376666674
0334 Grŵp Llandrillo Menai Estimated Incoming Antibody Pos,0.0,0.8689999999999999,0.0,0.0,0.0,0.0,0.0,0.0,0.0,0.8689999999999999
"0024 University of the Arts, London Estimated Incoming Antibody Pos",7.2416666663,31.7185,15.9185,18.249000000000002,25.201000001100002,62.78525,700.071666803,79.5925,27.09700000245,967.87508347285
0135 London Business School Estimated Incoming Antibody Pos,0.0,0.43449999999999994,0.0,0.2765,0.7636666667,1.00725,65.8991666795,1.5404999999999998,0.0,69.9215833462
0151 University of London (Institutes and activities) Estimated Incoming Antibody Pos,0.0,0.43449999999999994,0.0,0.0,0.38183333335,1.3430000000000002,13.693333336,1.28375,0.18433333335000002,17.3207500027
0202 London Metropolitan University Estimated Incoming Antibody Pos,2.30416666655,9.559,4.36475,5.8065,8.4003333337,40.62575,1075.7825002095,29.782999999999998,4.60833333375,1181.2343335434998
0076 London South Bank University Estimated Incoming Antibody Pos,2.6333333332,9.9935,4.6215,8.295,13.746000000599999,104.75399999999999,1894.8150003690002,95.51100000000001,9.76966666755,2144.13900037035
0137 London School of Economics and Political Science Estimated Incoming Antibody Pos,3.2916666665,16.9455,5.90525,6.359500000000001,12.982333333900002,23.5025,322.64916672950005,29.52625,7.926333334050001,429.08850006395005
0138 London School of Hygiene and Tropical Medicine Estimated Incoming Antibody Pos,0.0,1.3034999999999999,0.5135,0.8295,1.14550000005,3.3575,58.196666678,3.5945,0.7373333334000001,69.67800001145
0152 Loughborough University Estimated Incoming Antibody Pos,11.520833332749998,67.3475,32.09375,104.24050000000001,88.58533333720001,121.5415,345.756666734,121.186,29.30900000265,921.5810834066001
0066 The Manchester Metropolitan University Estimated Incoming Antibody Pos,45.4249999977,1529.0055,151.22574999999998,81.5675,141.2783333395,47.34075,118.10500002300002,46.7285,24.7006666689,2185.3770000290997
0204 The University of Manchester Estimated Incoming Antibody Pos,39.499999998,780.7964999999999,112.97,67.7425,128.2960000056,80.91575,482.69000009399997,115.5375,48.84833333775,1857.2965834353502
0067 Middlesex University Estimated Incoming Antibody Pos,3.62083333315,16.0765,9.243,12.9955,19.0916666675,100.38924999999999,1858.8700003620002,56.228249999999996,9.03233333415,2085.5473336968
0154 Newcastle University Estimated Incoming Antibody Pos,344.30833331590003,232.023,166.63075,78.52600000000001,46.5836666687,86.28775,231.93083337849998,84.214,24.516333335549998,1295.0206666986498
0028 Newman University Estimated Incoming Antibody Pos,0.32916666665,1.7379999999999998,1.28375,3.318,193.9713333418,1.67875,6.846666668,1.28375,0.92166666675,211.37108334320004
0027 The University of Northampton Estimated Incoming Antibody Pos,2.6333333332,9.9935,6.41875,225.3475,61.09333333599999,79.57275,319.2258333955,71.11975,5.5300000005,780.9347500652
0335 Grŵp NPTC Group Estimated Incoming Antibody Pos,0.0,0.0,0.0,0.0,0.0,0.0,0.0,0.0,0.0,0.0
0069 University of Northumbria at Newcastle Estimated Incoming Antibody Pos,878.8749999554999,132.088,149.42849999999999,32.9035,13.364166667249998,22.831,85.58333335000002,16.17525,4.7926666671,1336.04141663985
0190 Norwich University of the Arts Estimated Incoming Antibody Pos,0.9874999999499999,3.4759999999999995,2.31075,9.124500000000001,2.6728333334500003,90.98825,29.098333339,11.55375,1.4746666668000001,151.6865833392
0155 University of Nottingham Estimated Incoming Antibody Pos,20.737499998949996,139.909,79.33575,325.164,192.06216667504998,209.50799999999998,712.0533334720001,172.53599999999997,38.894333336849996,1890.20008348285
0071 The Nottingham Trent University Estimated Incoming Antibody Pos,18.4333333324,107.3215,79.079,575.9495000000001,268.42883334505,251.47674999999998,379.1341667405,117.5915,23.77900000215,1821.1935834201
0001 The Open University Estimated Incoming Antibody Pos,0.0,0.43449999999999994,0.25675,0.553,0.38183333335,2.0145,9.4141666685,8.7295,0.18433333335000002,21.9685833352
0072 Oxford Brookes University Estimated Incoming Antibody Pos,3.9499999997999997,19.987,9.499749999999999,30.415,80.56683333685001,63.7925,207.111666707,315.289,80.55366667395,811.1654167176
0156 The University of Oxford Estimated Incoming Antibody Pos,18.10416666575,82.12049999999999,30.81,33.733000000000004,74.8393333366,93.67424999999999,668.4058334635,242.372,54.9313333383,1298.99041680415
0230 Plymouth College of Art Estimated Incoming Antibody Pos,0.32916666665,1.7379999999999998,0.7702499999999999,1.659,3.4365000001499997,3.3575,6.846666668,6.93225,34.101666669749996,59.171000004549995
0073 University of Plymouth Estimated Incoming Antibody Pos,4.279166666449999,25.201,9.243,18.802,51.1656666689,45.32625,136.0775000265,100.646,421.93900003814997,812.6795834
0074 The University of Portsmouth Estimated Incoming Antibody Pos,3.62083333315,13.035,5.90525,19.078500000000002,37.03783333495,107.10425,592.236666782,508.10825,60.461333338799996,1346.5879167889
"0100 Queen Margaret University, Edinburgh Estimated Incoming Antibody Pos",3.62083333315,9.1245,2.054,1.9355000000000002,2.2910000001,2.6860000000000004,13.693333336,3.3377499999999998,2.02766666685,40.7705833361
0139 Queen Mary University of London Estimated Incoming Antibody Pos,6.583333333,31.283999999999995,11.55375,15.2075,29.019333334600002,79.237,1418.1158336095,72.14675,16.77433333485,1679.92183361195
0030 Ravensbourne University London Estimated Incoming Antibody Pos,0.6583333333,3.0414999999999996,1.027,2.4885,3.0546666668,20.145,216.5258333755,17.71575,2.5806666668999996,267.2372500425
0157 The University of Reading Estimated Incoming Antibody Pos,3.62083333315,20.421499999999998,9.499749999999999,24.055500000000002,50.78383333555,88.63799999999999,384.2691667415,249.56099999999998,60.64566667215,891.49525008235
0104 The Robert Gordon University Estimated Incoming Antibody Pos,0.6583333333,1.3034999999999999,0.7702499999999999,0.553,0.7636666667,1.3430000000000002,5.9908333345,0.7702499999999999,0.36866666670000003,12.5215000012
0031 Roehampton University Estimated Incoming Antibody Pos,1.3166666666,20.855999999999998,4.108,16.037,80.9486666702,46.669250000000005,1256.363333578,69.3225,7.926333334050001,1503.54775024885
0032 Rose Bruford College of Theatre and Performance Estimated Incoming Antibody Pos,0.6583333333,3.9104999999999994,1.79725,1.659,2.6728333334500003,4.029,21.395833337500004,5.90525,1.8433333335,43.87133333775
0033 Royal Academy of Music Estimated Incoming Antibody Pos,0.32916666665,3.4759999999999995,1.027,1.9355000000000002,1.14550000005,3.02175,19.6841666705,4.36475,1.8433333335,36.8271666707
0195 Royal Agricultural University Estimated Incoming Antibody Pos,0.9874999999499999,3.0414999999999996,2.31075,4.7005,6.873000000299999,8.7295,10.270000002000002,9.756499999999999,10.87566666765,57.5449166699
0003 Royal College of Art Estimated Incoming Antibody Pos,0.32916666665,1.7379999999999998,0.7702499999999999,0.8295,1.9091666667499998,3.3575,70.178333347,4.36475,1.4746666668000001,84.9513333472
0034 Royal College of Music Estimated Incoming Antibody Pos,0.32916666665,3.0414999999999996,0.7702499999999999,1.106,1.5273333334,3.02175,22.251666671000002,3.3377499999999998,1.2903333334499998,36.6757500045
0101 Royal Conservatoire of Scotland Estimated Incoming Antibody Pos,0.6583333333,2.6069999999999998,1.28375,0.8295,0.7636666667,1.3430000000000002,5.135000001000001,1.5404999999999998,0.55300000005,14.71375000105
0010 The Royal Central School of Speech and Drama Estimated Incoming Antibody Pos,0.6583333333,3.0414999999999996,1.5404999999999998,1.9355000000000002,2.6728333334500003,6.0435,39.368333341,7.445749999999999,2.39633333355,65.1025833413
0141 Royal Holloway and Bedford New College Estimated Incoming Antibody Pos,2.6333333332,12.165999999999999,6.161999999999999,8.848,17.5643333341,55.39875,512.6441667665,132.483,21.93566666865,769.8352501024501
0035 Royal Northern College of Music Estimated Incoming Antibody Pos,0.9874999999499999,14.3385,2.82425,2.4885,3.0546666668,2.6860000000000004,8.558333335,3.3377499999999998,1.1060000001,39.38150000185001
0143 The Royal Veterinary College Estimated Incoming Antibody Pos,1.9749999998999999,8.69,4.8782499999999995,6.359500000000001,6.1093333336,21.82375,54.773333344,21.0535,6.82033333395,132.48300001144997
0173 The University of St Andrews Estimated Incoming Antibody Pos,8.22916666625,27.807999999999996,10.783499999999998,9.6775,10.691333333800001,20.145,82.16000001600001,28.2425,6.4516666672500005,204.18866668330003
"0145 St George's, University of London Estimated Incoming Antibody Pos",1.64583333325,7.3865,2.5675,3.8710000000000004,8.01850000035,18.130499999999998,436.475000085,46.98524999999999,4.7926666671,529.8727500857
0194 St Mary's University College Estimated Incoming Antibody Pos,0.0,0.0,0.0,0.0,0.0,0.0,0.0,0.0,0.0,0.0
"0039 St Mary's University, Twickenham Estimated Incoming Antibody Pos",2.6333333332,5.6485,2.82425,3.318,4.96383333355,27.195749999999997,436.475000085,63.417249999999996,6.4516666672500005,552.927583419
0158 The University of Salford Estimated Incoming Antibody Pos,20.07916666565,1216.6,61.87675,32.074,49.6383333355,15.780249999999999,42.79166667500001,16.68875,6.82033333395,1462.3492500101
0146 SOAS University of London Estimated Incoming Antibody Pos,1.64583333325,5.6485,2.5675,3.0415000000000005,5.72750000025,13.76575,297.830000058,17.71575,4.60833333375,352.55066672525
0175 SRUC Estimated Incoming Antibody Pos,0.32916666665,0.43449999999999994,0.0,0.0,0.0,0.33575000000000005,0.8558333335,0.0,0.18433333335000002,2.1395833335
0075 Sheffield Hallam University Estimated Incoming Antibody Pos,36.8666666648,240.27849999999998,669.0905,332.353,104.6223333379,72.52199999999999,81.3041666825,33.891,13.45633333455,1584.38450001975
0159 The University of Sheffield Estimated Incoming Antibody Pos,38.8416666647,232.89199999999997,256.75,146.26850000000002,111.11350000485,116.50524999999999,249.0475000485,92.9435,31.15233333615,1275.5142500542
0037 Solent University Estimated Incoming Antibody Pos,1.9749999998999999,8.69,4.108,10.230500000000001,17.18250000075,42.3045,134.36583335950002,222.08875,53.27233333815,494.21741669830004
0160 The University of Southampton Estimated Incoming Antibody Pos,4.93749999975,22.159499999999998,8.98625,19.355,45.820000002,92.33125,482.69000009399997,359.9635,87.18966667454998,1123.4326667702999
0077 Staffordshire University Estimated Incoming Antibody Pos,4.6083333331,133.826,14.634749999999999,37.604,533.0393333566001,23.5025,50.4941666765,22.850749999999998,9.5853333342,830.1451667004001
0174 The University of Stirling Estimated Incoming Antibody Pos,9.8749999995,13.469499999999998,4.6215,3.5945,2.6728333334500003,5.372000000000001,18.828333337,6.6754999999999995,2.5806666668999996,67.68983333685
0014 University of St Mark and St John Estimated Incoming Antibody Pos,0.32916666665,3.4759999999999995,1.79725,2.212,4.20016666685,4.36475,23.107500004500004,10.01325,74.8393333401,124.33941667810001
0193 Stranmillis University College Estimated Incoming Antibody Pos,0.0,0.0,0.0,0.0,0.0,0.0,0.8558333335,0.0,0.0,0.8558333335
0169 The University of Strathclyde Estimated Incoming Antibody Pos,3.9499999997999997,12.6005,3.85125,2.4885,4.20016666685,6.37925,18.828333337,6.161999999999999,2.2120000002,60.67200000385
0210 University of Suffolk Estimated Incoming Antibody Pos,0.6583333333,2.1725,1.28375,3.318,1.9091666667499998,295.12425,308.9558333935,8.7295,1.2903333334499998,623.441666727
0078 The University of Sunderland Estimated Incoming Antibody Pos,533.249999973,12.6005,14.891499999999999,4.424,3.8183333334999996,18.46625,419.358333415,8.98625,1.2903333334499998,1017.08550005495
0161 The University of Surrey Estimated Incoming Antibody Pos,4.279166666449999,17.38,6.6754999999999995,12.4425,19.47350000085,61.1065,513.5000001000001,264.966,27.09700000245,926.9201667697502
0162 The University of Sussex Estimated Incoming Antibody Pos,3.9499999997999997,13.469499999999998,6.41875,11.613,19.47350000085,83.60175,585.390000114,300.3975,34.83900000315,1059.1530001178
0180 Swansea University Estimated Incoming Antibody Pos,1.9749999998999999,32.5875,7.95925,18.249000000000002,69.87550000305,36.9325,166.8875000325,99.87574999999998,76.49833334025,510.8403333756999
0079 Teesside University Estimated Incoming Antibody Pos,810.0791666256499,33.4565,77.025,10.507,12.2186666672,12.087,34.23333334,9.499749999999999,3.13366666695,1002.2400832998
0041 Trinity Laban Conservatoire of Music and Dance Estimated Incoming Antibody Pos,0.9874999999499999,3.9104999999999994,2.054,2.765,3.0546666668,6.37925,38.5125000075,9.499749999999999,3.5023333336499998,70.66550000790001
0176 University of Wales Trinity Saint David Estimated Incoming Antibody Pos,0.9874999999499999,4.7795,2.054,2.765,77.1303333367,10.744000000000002,191.706666704,11.8105,6.636000000599999,308.61350004125
0196 University of the Highlands and Islands Estimated Incoming Antibody Pos,0.32916666665,3.0414999999999996,1.027,0.553,1.14550000005,1.3430000000000002,5.135000001000001,1.5404999999999998,1.4746666668000001,15.589333334500001
0185 Ulster University Estimated Incoming Antibody Pos,1.64583333325,5.6485,1.5404999999999998,1.3825,3.4365000001499997,2.35025,48.7825000095,2.31075,1.1060000001,68.203333343
0149 University College London Estimated Incoming Antibody Pos,11.1916666661,57.78849999999999,21.82375,28.4795,48.49283333545,139.0005,1945.3091670455,162.266,37.05100000335,2451.4029170504004
0090 University of South Wales Estimated Incoming Antibody Pos,3.2916666665,16.0765,6.93225,9.6775,34.746833334849995,14.437249999999999,40.224166674500005,30.039749999999998,50.69166667125,206.11758334709998
0186 The University of Wales (central functions) Estimated Incoming Antibody Pos,0.0,0.0,0.0,0.0,0.0,0.0,0.0,0.0,0.0,0.0
0163 The University of Warwick Estimated Incoming Antibody Pos,10.20416666615,63.0025,26.44525,63.871500000000005,262.31950001145,106.43275,593.0925001155,132.73975,36.313666669949995,1294.42158346305
"0081 University of the West of England, Bristol Estimated Incoming Antibody Pos",5.59583333305,29.111499999999996,11.55375,23.226,101.18583333775001,43.98325,179.72500003500002,171.509,541.01833338225,1106.90850008805
0105 The University of the West of Scotland Estimated Incoming Antibody Pos,1.64583333325,2.6069999999999998,1.027,1.106,1.5273333334,2.35025,53.061666677000005,2.054,0.92166666675,66.30075001040001
0080 The University of West London Estimated Incoming Antibody Pos,3.2916666665,9.9935,4.8782499999999995,8.295,12.982333333900002,32.9035,917.4533335120001,107.06475,9.76966666755,1106.63200017995
0083 The University of Westminster Estimated Incoming Antibody Pos,3.9499999997999997,16.9455,6.161999999999999,9.6775,16.41883333405,67.8215,1488.2941669565,68.29549999999999,9.2166666675,1686.7816669578501
0021 The University of Winchester Estimated Incoming Antibody Pos,1.64583333325,4.7795,2.82425,7.189,11.83683333385,30.2175,71.03416668050001,225.42649999999998,50.69166667125,405.64525001885
0085 The University of Wolverhampton Estimated Incoming Antibody Pos,8.22916666625,24.331999999999997,9.499749999999999,35.6685,1127.55383338255,16.45175,100.1325000195,17.459,12.166000001099999,1351.4925000694
0046 University of Worcester Estimated Incoming Antibody Pos,1.9749999998999999,11.731499999999999,4.8782499999999995,14.101500000000001,475.0006666874,16.7875,43.6475000085,22.594,46.26766667084999,636.98358336665
0189 Writtle University College Estimated Incoming Antibody Pos,0.0,0.8689999999999999,0.7702499999999999,0.8295,1.5273333334,27.195749999999997,11.125833335500001,5.391749999999999,0.92166666675,48.63108333565
0013 York St John University Estimated Incoming Antibody Pos,71.42916666305,53.44349999999999,169.19825,26.820500000000003,12.2186666672,15.780249999999999,10.270000002000002,5.135,2.2120000002,366.50733333245
0164 The University of York Estimated Incoming Antibody Pos,60.89583333025,150.337,178.1845,66.913,65.29350000285,112.14049999999999,231.07500004500002,91.14625,22.67300000205,978.65858338015
Total Estimated Incoming Antibody Pos,3955.9249997997,15098.440499999999,6078.812999999999,5785.486,11198.02616715545,9264.014000000001,50732.9441765465,11280.568000000001,4404.0920003982,117798.30884389984
