,Unnamed: 0,North East,North East from lower,North East from upper,North West,North West from lower,North West from upper,Yorkshire and The Humber,Yorkshire and The Humber from lower,Yorkshire and The Humber from upper,East Midlands,East Midlands from lower,East Midlands from upper,West Midlands,West Midlands from lower,West Midlands from upper,East of England,East of England from lower,East of England from upper,London,London from lower,London from upper,South East,South East from lower,South East from upper,South West,South West from lower,South West from upper,Wales,Wales from lower,Wales from upper,Scotland,Scotland from lower,Scotland from upper,Total Regions,Total Regions from lower,Total Regions from upper
0,0170 The University of Aberdeen Estimated Incoming Inf,0.044,0.011,0.099,0.0775,0.031,0.155,0.0805,0.0345,0.161,0.034,0.0085,0.068,0.024,0.006,0.048,0.078,0.026,0.156,0.11,0.044,0.242,0.07,0.035,0.1575,0.045,0.018000000000000002,0.081,0.02,0.004,0.044,2.684,0.6709999999999999,4.026,3.267,0.889,5.2375
1,0095 Abertay University Estimated Incoming Inf,0.006,0.0015,0.013499999999999998,0.01,0.004,0.02,0.007000000000000001,0.003,0.014000000000000002,0.004,0.001,0.008,0.006,0.0015,0.012,0.009000000000000001,0.003,0.018000000000000002,0.005,0.002,0.011,0.008,0.004,0.018000000000000002,0.0075,0.003,0.013499999999999998,0.0,0.0,0.0,1.404,0.35100000000000003,2.106,1.4665,0.3740000000000001,2.234
2,0177 Aberystwyth University Estimated Incoming Inf,0.016,0.004,0.036000000000000004,0.19,0.07600000000000001,0.38,0.1015,0.0435,0.203,0.096,0.024,0.192,0.464,0.116,0.928,0.162,0.054000000000000006,0.324,0.1,0.04,0.22,0.2,0.1,0.45,0.185,0.07400000000000001,0.333,1.3125,0.2625,2.8875,0.012,0.003,0.018000000000000002,2.839,0.797,5.9715
3,0213 AECC University College Estimated Incoming Inf,0.0,0.0,0.0,0.0025,0.001,0.005,0.007000000000000001,0.003,0.014000000000000002,0.004,0.001,0.008,0.008,0.002,0.016,0.015,0.005,0.03,0.0075,0.003,0.0165,0.034,0.017,0.0765,0.0525,0.021,0.0945,0.005,0.001,0.011,0.002,0.0005,0.003,0.1375,0.054500000000000014,0.2745
4,0047 Anglia Ruskin University Estimated Incoming Inf,0.042,0.0105,0.0945,0.11,0.044,0.22,0.16450000000000006,0.0705,0.3290000000000001,0.324,0.081,0.648,0.1,0.025,0.2,6.132000000000001,2.044,12.264000000000001,3.205,1.2819999999999998,7.051,0.45799999999999996,0.22899999999999998,1.0305,0.1125,0.045,0.2025,0.0325,0.006500000000000001,0.07150000000000001,0.022,0.0055000000000000005,0.033,10.7025,3.843,22.144000000000002
5,0108 Aston University Estimated Incoming Inf,0.026,0.006500000000000001,0.0585,0.2125,0.085,0.425,0.14350000000000002,0.061499999999999985,0.28700000000000003,0.37,0.0925,0.74,2.202,0.5505,4.404,0.333,0.111,0.6659999999999999,0.72,0.28800000000000003,1.584,0.28600000000000003,0.14300000000000002,0.6435,0.1525,0.06100000000000001,0.2745,0.07,0.014000000000000002,0.154,0.012,0.003,0.018000000000000002,4.5275,1.416,9.2545
6,0178 Bangor University Estimated Incoming Inf,0.028000000000000004,0.007000000000000001,0.063,0.6875,0.275,1.375,0.2065,0.0885,0.413,0.11200000000000003,0.028000000000000004,0.22400000000000006,0.26,0.065,0.52,0.198,0.066,0.396,0.1325,0.053,0.2915,0.198,0.099,0.4455,0.1425,0.057,0.2565,1.945,0.389,4.279,0.016,0.004,0.024,3.926,1.1315,8.2875
7,0048 Bath Spa University Estimated Incoming Inf,0.012,0.003,0.027,0.07,0.028000000000000004,0.14,0.056000000000000015,0.024,0.11200000000000003,0.07600000000000001,0.019000000000000003,0.15200000000000002,0.17,0.0425,0.34,0.24,0.08,0.48,0.19,0.07600000000000001,0.418,0.512,0.256,1.1520000000000001,1.8,0.72,3.24,0.275,0.055,0.605,0.006,0.0015,0.009000000000000001,3.407,1.305,6.675000000000002
8,0109 The University of Bath Estimated Incoming Inf,0.044,0.011,0.099,0.235,0.094,0.47,0.168,0.07200000000000001,0.336,0.15,0.0375,0.3,0.25,0.0625,0.5,0.615,0.205,1.23,0.7325,0.293,1.6115000000000002,1.15,0.575,2.5875,0.9825,0.39299999999999996,1.7685,0.335,0.067,0.737,0.042,0.0105,0.063,4.704,1.8205,9.7025
9,0026 University of Bedfordshire Estimated Incoming Inf,0.006,0.0015,0.013499999999999998,0.0525,0.021,0.105,0.045500000000000006,0.0195,0.091,0.31,0.0775,0.62,0.4380000000000001,0.1095,0.8760000000000001,2.673,0.8910000000000001,5.346,1.1375,0.455,2.5025,0.5479999999999999,0.27399999999999997,1.233,0.0425,0.017,0.0765,0.015,0.003,0.033,0.008,0.002,0.012,5.276,1.871,10.908499999999998
10,0184 Queen's University Belfast Estimated Incoming Inf,0.03,0.0075,0.0675,0.11,0.044,0.22,0.05250000000000001,0.0225,0.10500000000000002,0.036000000000000004,0.009000000000000001,0.07200000000000001,0.04,0.01,0.08,0.06899999999999999,0.023000000000000003,0.13799999999999998,0.135,0.054000000000000006,0.297,0.104,0.052000000000000005,0.234,0.07,0.028000000000000004,0.126,0.0325,0.006500000000000001,0.07150000000000001,0.05,0.0125,0.075,0.7290000000000001,0.2690000000000001,1.4859999999999995
11,0127 Birkbeck College Estimated Incoming Inf,0.008,0.002,0.018000000000000002,0.025,0.01,0.05,0.038500000000000006,0.0165,0.07700000000000001,0.022,0.0055000000000000005,0.044,0.036000000000000004,0.009000000000000001,0.07200000000000001,0.375,0.125,0.75,4.0075,1.6030000000000002,8.8165,0.32,0.16,0.72,0.055,0.022,0.099,0.015,0.003,0.033,0.004,0.001,0.006,4.905999999999999,1.9569999999999999,10.6855
12,0052 Birmingham City University Estimated Incoming Inf,0.03,0.0075,0.0675,0.2825,0.113,0.565,0.30450000000000005,0.13049999999999998,0.6090000000000001,0.67,0.1675,1.34,6.176,1.544,12.352,0.444,0.14800000000000002,0.888,0.485,0.19400000000000006,1.067,0.424,0.212,0.9540000000000001,0.4,0.16,0.72,0.1575,0.0315,0.3465,0.03,0.0075,0.045,9.4035,2.7155,18.954
13,0110 The University of Birmingham Estimated Incoming Inf,0.092,0.023000000000000003,0.207,0.77,0.308,1.54,0.7175,0.3075,1.435,0.774,0.1935,1.548,2.998,0.7495,5.996,1.248,0.416,2.496,1.38,0.552,3.036,1.4620000000000002,0.7310000000000001,3.2895,0.9875,0.395,1.7775,0.395,0.079,0.8690000000000001,0.038000000000000006,0.0095,0.057,10.862000000000002,3.764,22.251
14,0200 University College Birmingham Estimated Incoming Inf,0.004,0.001,0.009000000000000001,0.0375,0.015,0.075,0.049,0.021,0.098,0.094,0.0235,0.188,0.902,0.2255,1.804,0.057,0.019000000000000003,0.114,0.085,0.034,0.187,0.046000000000000006,0.023000000000000003,0.1035,0.045,0.018000000000000002,0.081,0.0275,0.0055000000000000005,0.0605,0.002,0.0005,0.003,1.3490000000000002,0.386,2.7230000000000003
15,0007 Bishop Grosseteste University Estimated Incoming Inf,0.004,0.001,0.009000000000000001,0.0125,0.005,0.025,0.28350000000000003,0.1215,0.5670000000000001,0.6,0.15,1.2,0.012,0.003,0.024,0.12299999999999997,0.041,0.246,0.005,0.002,0.011,0.012,0.006,0.027,0.005,0.002,0.009000000000000001,0.005,0.001,0.011,0.0,0.0,0.0,1.0619999999999996,0.3325,2.129
16,0049 The University of Bolton Estimated Incoming Inf,0.014000000000000002,0.0035000000000000005,0.0315,2.6175,1.047,5.235,0.29400000000000004,0.126,0.5880000000000001,0.044,0.011,0.08800000000000001,0.05,0.0125,0.1,0.042,0.014000000000000002,0.084,0.0375,0.015,0.0825,0.03,0.015,0.0675,0.0325,0.013,0.0585,0.0425,0.0085,0.0935,0.008,0.002,0.012,3.2119999999999997,1.2674999999999998,6.4405
17,0197 The Arts University Bournemouth Estimated Incoming Inf,0.006,0.0015,0.013499999999999998,0.0225,0.009000000000000001,0.045,0.0245,0.0105,0.049,0.034,0.0085,0.068,0.052000000000000005,0.013,0.104,0.135,0.045,0.27,0.18,0.07200000000000001,0.396,0.3880000000000001,0.19400000000000006,0.873,0.4075,0.163,0.7334999999999999,0.0275,0.0055000000000000005,0.0605,0.004,0.001,0.006,1.281,0.523,2.6185
18,0050 Bournemouth University Estimated Incoming Inf,0.012,0.003,0.027,0.0625,0.025,0.125,0.063,0.027,0.126,0.08199999999999999,0.0205,0.16399999999999998,0.146,0.0365,0.292,0.585,0.195,1.17,0.83,0.332,1.826,2.1020000000000003,1.0510000000000002,4.7295,2.6,1.04,4.68,0.09,0.018000000000000002,0.198,0.014000000000000002,0.0035000000000000005,0.021,6.5865,2.7515,13.3585
19,0111 The University of Bradford Estimated Incoming Inf,0.032,0.008,0.07200000000000001,0.4925,0.197,0.985,4.0215000000000005,1.7235,8.043000000000001,0.062,0.0155,0.124,0.06,0.015,0.12,0.063,0.021,0.126,0.0875,0.035,0.1925,0.044,0.022,0.099,0.025,0.01,0.045,0.02,0.004,0.044,0.006,0.0015,0.009000000000000001,4.913500000000001,2.0525,9.859500000000002
20,0051 The University of Brighton Estimated Incoming Inf,0.064,0.016,0.14400000000000002,0.1175,0.047,0.235,0.1505,0.0645,0.301,0.156,0.039,0.312,0.146,0.0365,0.292,1.023,0.341,2.046,1.5525,0.621,3.4155,3.812,1.906,8.577,0.5875,0.235,1.0575,0.0925,0.018500000000000003,0.2035,0.026,0.006500000000000001,0.039,7.7275,3.3310000000000004,16.622500000000002
21,0337 The University College of Osteopathy Estimated Incoming Inf,0.0,0.0,0.0,0.0025,0.001,0.005,0.0035000000000000005,0.0015,0.007000000000000001,0.004,0.001,0.008,0.004,0.001,0.008,0.03,0.01,0.06,0.1075,0.043,0.2365,0.038000000000000006,0.019000000000000003,0.08549999999999999,0.005,0.002,0.009000000000000001,0.0025,0.0005,0.0055000000000000005,0.0,0.0,0.0,0.19700000000000004,0.079,0.4245
22,0112 The University of Bristol Estimated Incoming Inf,0.08800000000000001,0.022,0.198,0.4875,0.195,0.975,0.3955,0.16949999999999998,0.7909999999999999,0.29,0.0725,0.58,0.46,0.115,0.92,0.87,0.29,1.74,1.8125,0.725,3.9875,1.648,0.8240000000000001,3.708,2.205,0.882,3.969,0.5675,0.1135,1.2485,0.078,0.0195,0.117,8.902000000000001,3.428,18.234
23,0113 Brunel University London Estimated Incoming Inf,0.01,0.0025,0.0225,0.06,0.024,0.12,0.05250000000000001,0.0225,0.10500000000000002,0.056000000000000015,0.014000000000000002,0.11200000000000003,0.078,0.0195,0.156,0.501,0.16699999999999998,1.002,3.2875,1.315,7.2325,0.664,0.332,1.494,0.135,0.054000000000000006,0.243,0.05,0.01,0.11,0.01,0.0025,0.015,4.903999999999999,1.963,10.612
24,0009 Buckinghamshire New University Estimated Incoming Inf,0.024,0.006,0.053999999999999986,0.2475,0.099,0.495,0.1505,0.0645,0.301,0.128,0.032,0.256,0.312,0.078,0.624,0.66,0.22,1.32,1.79,0.7160000000000001,3.938,1.23,0.615,2.7675,0.16,0.064,0.28800000000000003,0.045,0.009000000000000001,0.099,0.018000000000000002,0.0045000000000000005,0.027,4.765,1.9080000000000001,10.1695
25,0203 The University of Buckingham Estimated Incoming Inf,0.006,0.0015,0.013499999999999998,0.025,0.01,0.05,0.038500000000000006,0.0165,0.07700000000000001,0.052000000000000005,0.013,0.104,0.052000000000000005,0.013,0.104,0.213,0.07100000000000001,0.426,0.235,0.094,0.517,0.316,0.158,0.711,0.055,0.022,0.099,0.0125,0.0025,0.0275,0.01,0.0025,0.015,1.015,0.40399999999999997,2.144
26,0114 The University of Cambridge Estimated Incoming Inf,0.13,0.0325,0.2925,0.4375,0.175,0.875,0.4970000000000001,0.213,0.994,0.27,0.0675,0.54,0.27,0.0675,0.54,1.554,0.518,3.108,1.61,0.644,3.542,1.016,0.508,2.286,0.4625,0.185,0.8325,0.15,0.03,0.33,0.122,0.030500000000000006,0.183,6.519000000000001,2.471,13.522999999999998
27,0188 The Institute of Cancer Research Estimated Incoming Inf,0.0,0.0,0.0,0.0025,0.001,0.005,0.0,0.0,0.0,0.002,0.0005,0.004,0.0,0.0,0.0,0.009000000000000001,0.003,0.018000000000000002,0.07,0.028000000000000004,0.154,0.018000000000000002,0.009000000000000001,0.0405,0.0025,0.001,0.0045,0.0025,0.0005,0.0055000000000000005,0.0,0.0,0.0,0.1065,0.04300000000000001,0.2315
28,0012 Canterbury Christ Church University Estimated Incoming Inf,0.01,0.0025,0.0225,0.04,0.016,0.08,0.035,0.015,0.07,0.04,0.01,0.08,0.032,0.008,0.064,0.6629999999999999,0.221,1.3259999999999998,1.35,0.54,2.97,3.582,1.791,8.0595,0.0725,0.029,0.13049999999999998,0.0175,0.0035000000000000005,0.0385,0.008,0.002,0.012,5.8500000000000005,2.6379999999999995,12.853000000000002
29,0179 Cardiff University Estimated Incoming Inf,0.036000000000000004,0.009000000000000001,0.081,0.3075,0.123,0.615,0.2065,0.0885,0.413,0.2,0.05,0.4,0.628,0.157,1.256,0.435,0.145,0.87,0.6475,0.259,1.4245,1.2160000000000002,0.6080000000000001,2.736,2.1375,0.855,3.8475,5.33,1.0659999999999998,11.726,0.03,0.0075,0.045,11.174000000000001,3.3680000000000003,23.414
30,0089 Cardiff Metropolitan University Estimated Incoming Inf,0.01,0.0025,0.0225,0.075,0.03,0.15,0.056000000000000015,0.024,0.11200000000000003,0.046000000000000006,0.011500000000000002,0.092,0.19,0.0475,0.38,0.09,0.03,0.18,0.0675,0.027000000000000003,0.1485,0.2,0.1,0.45,0.745,0.298,1.341,3.025,0.605,6.655,0.014000000000000002,0.0035000000000000005,0.021,4.5185,1.179,9.552
31,0053 The University of Central Lancashire Estimated Incoming Inf,0.09,0.0225,0.2025,7.9375,3.175,15.875,0.637,0.273,1.274,0.13,0.0325,0.26,0.19,0.0475,0.38,0.174,0.058,0.348,0.1775,0.07100000000000001,0.3905,0.132,0.066,0.297,0.105,0.042,0.189,0.1025,0.0205,0.2255,0.04,0.01,0.06,9.7155,3.818,19.5015
32,0011 University of Chester Estimated Incoming Inf,0.06,0.015,0.135,3.4725,1.389,6.945,0.35350000000000004,0.1515,0.7070000000000001,0.14400000000000002,0.036000000000000004,0.28800000000000003,0.6940000000000001,0.17350000000000002,1.388,0.147,0.049,0.294,0.105,0.042,0.231,0.114,0.057,0.2565,0.1,0.04,0.18,0.88,0.17600000000000002,1.936,0.014000000000000002,0.0035000000000000005,0.021,6.084,2.1325,12.3815
33,0082 The University of Chichester Estimated Incoming Inf,0.008,0.002,0.018000000000000002,0.03,0.012,0.06,0.035,0.015,0.07,0.058,0.0145,0.116,0.046000000000000006,0.011500000000000002,0.092,0.174,0.058,0.348,0.155,0.062,0.341,1.436,0.718,3.2310000000000003,0.175,0.07,0.315,0.03,0.006,0.066,0.006,0.0015,0.009000000000000001,2.153,0.9705,4.666000000000001
34,"0115 City, University of London Estimated Incoming Inf",0.014000000000000002,0.0035000000000000005,0.0315,0.08,0.032,0.16,0.056000000000000015,0.024,0.11200000000000003,0.058,0.0145,0.116,0.068,0.017,0.136,0.618,0.206,1.236,4.515,1.806,9.933,0.422,0.211,0.9495,0.1025,0.041,0.1845,0.03,0.006,0.066,0.028000000000000004,0.007000000000000001,0.042,5.9914999999999985,2.3679999999999994,12.9665
35,0199 Conservatoire for Dance and Drama Estimated Incoming Inf,0.014000000000000002,0.0035000000000000005,0.0315,0.0325,0.013,0.065,0.056000000000000015,0.024,0.11200000000000003,0.018000000000000002,0.0045000000000000005,0.036000000000000004,0.02,0.005,0.04,0.048,0.016,0.096,0.1175,0.047,0.2585,0.068,0.034,0.153,0.05,0.02,0.09,0.02,0.004,0.044,0.014000000000000002,0.0035000000000000005,0.021,0.45799999999999996,0.17450000000000002,0.947
36,0201 Courtauld Institute of Art Estimated Incoming Inf,0.0,0.0,0.0,0.0075,0.003,0.015,0.0035000000000000005,0.0015,0.007000000000000001,0.004,0.001,0.008,0.004,0.001,0.008,0.015,0.005,0.03,0.0625,0.025,0.1375,0.02,0.01,0.045,0.0175,0.007000000000000001,0.0315,0.0025,0.0005,0.0055000000000000005,0.0,0.0,0.0,0.1365,0.054000000000000006,0.28750000000000003
37,0056 Coventry University Estimated Incoming Inf,0.038000000000000006,0.0095,0.08549999999999999,0.24,0.096,0.48,0.5285000000000001,0.2265,1.0570000000000002,0.792,0.198,1.584,4.042,1.0105,8.084,0.897,0.29900000000000004,1.794,2.0625,0.825,4.5375,0.7460000000000001,0.3730000000000001,1.6785,0.29,0.116,0.5219999999999999,0.1175,0.0235,0.2585,0.012,0.003,0.018000000000000002,9.7655,3.18,20.099
38,0002 Cranfield University Estimated Incoming Inf,0.012,0.003,0.027,0.06,0.024,0.12,0.05250000000000001,0.0225,0.10500000000000002,0.056000000000000015,0.014000000000000002,0.11200000000000003,0.06,0.015,0.12,0.198,0.066,0.396,0.165,0.066,0.363,0.21600000000000005,0.108,0.486,0.2975,0.119,0.5355,0.03,0.006,0.066,0.022,0.0055000000000000005,0.033,1.169,0.449,2.3635
39,0206 University for the Creative Arts Estimated Incoming Inf,0.006,0.0015,0.013499999999999998,0.0375,0.015,0.075,0.045500000000000006,0.0195,0.091,0.04,0.01,0.08,0.052000000000000005,0.013,0.104,0.204,0.068,0.408,0.44,0.17600000000000002,0.968,0.778,0.389,1.7504999999999995,0.0975,0.039,0.17550000000000002,0.0275,0.0055000000000000005,0.0605,0.01,0.0025,0.015,1.7380000000000002,0.7390000000000001,3.741
40,0038 University of Cumbria Estimated Incoming Inf,0.15200000000000002,0.038000000000000006,0.342,1.9025,0.7610000000000001,3.805,0.2135,0.0915,0.4270000000000001,0.052000000000000005,0.013,0.104,0.04,0.01,0.08,0.063,0.021,0.126,0.2775,0.111,0.6104999999999999,0.046000000000000006,0.023000000000000003,0.1035,0.0475,0.019000000000000003,0.08549999999999999,0.0275,0.0055000000000000005,0.0605,0.068,0.017,0.102,2.8894999999999995,1.11,5.846
41,0068 De Montfort University Estimated Incoming Inf,0.046000000000000006,0.011500000000000002,0.1035,0.2775,0.111,0.555,0.4095,0.17550000000000002,0.8190000000000001,3.04,0.76,6.08,1.034,0.2585,2.068,1.071,0.35700000000000004,2.142,1.2025,0.481,2.6455,0.508,0.254,1.143,0.1875,0.075,0.3375,0.0925,0.018500000000000003,0.2035,0.014000000000000002,0.0035000000000000005,0.021,7.8825,2.5055,16.118000000000002
42,0057 University of Derby Estimated Incoming Inf,0.046000000000000006,0.011500000000000002,0.1035,0.2525,0.101,0.505,0.6580000000000001,0.282,1.3160000000000005,3.4240000000000004,0.8560000000000001,6.848000000000001,1.04,0.26,2.08,0.456,0.15200000000000002,0.912,0.19,0.07600000000000001,0.418,0.202,0.101,0.4545,0.1275,0.051,0.2295,0.0575,0.011500000000000002,0.1265,0.014000000000000002,0.0035000000000000005,0.021,6.467500000000001,1.9055,13.014
43,0172 The University of Dundee Estimated Incoming Inf,0.058,0.0145,0.13049999999999998,0.1025,0.041,0.205,0.07350000000000001,0.0315,0.14700000000000002,0.028000000000000004,0.007000000000000001,0.056000000000000015,0.028000000000000004,0.007000000000000001,0.056000000000000015,0.066,0.022,0.132,0.0775,0.031,0.1705,0.06,0.03,0.135,0.03,0.012,0.053999999999999986,0.015,0.003,0.033,3.4160000000000004,0.8540000000000001,5.124,3.9545,1.0530000000000002,6.2429999999999986
44,0116 University of Durham Estimated Incoming Inf,0.7959999999999999,0.19899999999999998,1.791,0.6175,0.247,1.235,0.7945,0.3405,1.589,0.268,0.067,0.536,0.258,0.0645,0.516,0.795,0.265,1.59,0.91,0.364,2.002,0.9,0.45,2.025,0.3875,0.155,0.6975,0.13,0.026,0.28600000000000003,0.092,0.023000000000000003,0.13799999999999998,5.9485,2.201,12.405499999999998
45,0117 The University of East Anglia Estimated Incoming Inf,0.046000000000000006,0.011500000000000002,0.1035,0.115,0.046000000000000006,0.23,0.203,0.087,0.406,0.266,0.0665,0.532,0.118,0.0295,0.236,4.599,1.533,9.198,0.9625,0.385,2.1175,0.728,0.364,1.6380000000000001,0.195,0.078,0.35100000000000003,0.0425,0.0085,0.0935,0.018000000000000002,0.0045000000000000005,0.027,7.293000000000001,2.6135,14.9325
46,0058 The University of East London Estimated Incoming Inf,0.014000000000000002,0.0035000000000000005,0.0315,0.0725,0.029,0.145,0.063,0.027,0.126,0.056000000000000015,0.014000000000000002,0.11200000000000003,0.062,0.0155,0.124,0.657,0.21900000000000006,1.314,4.22,1.6880000000000002,9.284,0.28400000000000003,0.14200000000000002,0.639,0.08,0.032,0.14400000000000002,0.0275,0.0055000000000000005,0.0605,0.012,0.003,0.018000000000000002,5.547999999999999,2.1785000000000005,11.998
47,0016 Edge Hill University Estimated Incoming Inf,0.046000000000000006,0.011500000000000002,0.1035,5.2775,2.111,10.555,0.29750000000000004,0.1275,0.5950000000000001,0.08199999999999999,0.0205,0.16399999999999998,0.166,0.0415,0.332,0.06899999999999999,0.023000000000000003,0.13799999999999998,0.04,0.016,0.08800000000000001,0.054000000000000006,0.027000000000000003,0.1215,0.045,0.018000000000000002,0.081,0.1625,0.0325,0.3575,0.01,0.0025,0.015,6.2494999999999985,2.431,12.5505
48,0107 Edinburgh Napier University Estimated Incoming Inf,0.054000000000000006,0.013500000000000002,0.1215,0.04,0.016,0.08,0.042,0.018000000000000002,0.084,0.014000000000000002,0.0035000000000000005,0.028000000000000004,0.014000000000000002,0.0035000000000000005,0.028000000000000004,0.024,0.008,0.048,0.025,0.01,0.055,0.02,0.01,0.045,0.0175,0.007000000000000001,0.0315,0.01,0.002,0.022,3.604000000000001,0.901,5.4060000000000015,3.864500000000001,0.9925000000000002,5.949000000000002
49,0167 The University of Edinburgh Estimated Incoming Inf,0.188,0.047,0.423,0.48,0.192,0.96,0.5529999999999999,0.237,1.1059999999999999,0.172,0.043,0.344,0.14,0.035,0.28,0.474,0.158,0.948,0.9875,0.395,2.1725,0.642,0.321,1.4445,0.4125,0.165,0.7425,0.1125,0.0225,0.2475,4.142,1.0355,6.212999999999999,8.3035,2.6510000000000002,14.880999999999998
50,0118 The University of Essex Estimated Incoming Inf,0.02,0.005,0.045,0.08,0.032,0.16,0.098,0.042,0.196,0.1,0.025,0.2,0.104,0.026,0.208,2.535,0.845,5.07,1.8225,0.7290000000000001,4.0095,0.514,0.257,1.1565,0.1525,0.06100000000000001,0.2745,0.0375,0.0075,0.0825,0.012,0.003,0.018000000000000002,5.4754999999999985,2.0325,11.420000000000002
51,0119 The University of Exeter Estimated Incoming Inf,0.028000000000000004,0.007000000000000001,0.063,0.1875,0.075,0.375,0.182,0.078,0.3640000000000001,0.19400000000000006,0.048500000000000015,0.3880000000000001,0.406,0.1015,0.812,0.924,0.308,1.848,1.17,0.46799999999999997,2.574,1.794,0.897,4.0365,2.865,1.146,5.156999999999999,0.4225,0.08449999999999999,0.9295,0.07400000000000001,0.018500000000000003,0.111,8.247,3.2319999999999998,16.658
52,0017 Falmouth University Estimated Incoming Inf,0.016,0.004,0.036000000000000004,0.095,0.038000000000000006,0.19,0.084,0.036000000000000004,0.168,0.08800000000000001,0.022,0.17600000000000002,0.158,0.0395,0.316,0.273,0.091,0.546,0.305,0.122,0.6709999999999999,0.426,0.213,0.9585,1.0,0.4,1.8,0.08,0.016,0.17600000000000002,0.012,0.003,0.018000000000000002,2.537,0.9845,5.0554999999999986
53,0229 The National Film and Television School Estimated Incoming Inf,0.0,0.0,0.0,0.0025,0.001,0.005,0.0035000000000000005,0.0015,0.007000000000000001,0.004,0.001,0.008,0.004,0.001,0.008,0.009000000000000001,0.003,0.018000000000000002,0.0425,0.017,0.0935,0.014000000000000002,0.007000000000000001,0.0315,0.005,0.002,0.009000000000000001,0.0,0.0,0.0,0.002,0.0005,0.003,0.08650000000000001,0.034,0.183
54,0106 Glasgow Caledonian University Estimated Incoming Inf,0.008,0.002,0.018000000000000002,0.03,0.012,0.06,0.0245,0.0105,0.049,0.008,0.002,0.016,0.01,0.0025,0.02,0.027,0.009000000000000001,0.053999999999999986,0.0575,0.023000000000000003,0.1265,0.028000000000000004,0.014000000000000002,0.063,0.0175,0.007000000000000001,0.0315,0.0075,0.0015,0.0165,5.5360000000000005,1.384,8.304,5.754,1.4675000000000002,8.7585
55,0097 Glasgow School of Art Estimated Incoming Inf,0.012,0.003,0.027,0.0325,0.013,0.065,0.035,0.015,0.07,0.01,0.0025,0.02,0.008,0.002,0.016,0.027,0.009000000000000001,0.053999999999999986,0.0625,0.025,0.1375,0.028000000000000004,0.014000000000000002,0.063,0.0225,0.009000000000000001,0.0405,0.0075,0.0015,0.0165,0.37,0.0925,0.555,0.615,0.18650000000000005,1.0645
56,0168 The University of Glasgow Estimated Incoming Inf,0.14,0.035,0.315,0.3125,0.125,0.625,0.231,0.099,0.462,0.056000000000000015,0.014000000000000002,0.11200000000000003,0.064,0.016,0.128,0.171,0.057,0.342,0.2675,0.107,0.5885,0.182,0.091,0.4095,0.1125,0.045,0.2025,0.045,0.009000000000000001,0.099,6.6880000000000015,1.6720000000000002,10.032,8.2695,2.2700000000000005,13.3155
57,0054 University of Gloucestershire Estimated Incoming Inf,0.012,0.003,0.027,0.0625,0.025,0.125,0.0665,0.0285,0.133,0.1,0.025,0.2,0.3880000000000001,0.09700000000000003,0.7760000000000001,0.213,0.07100000000000001,0.426,0.12,0.048,0.264,0.322,0.161,0.7245,2.04,0.8160000000000001,3.672,0.2875,0.0575,0.6325,0.006,0.0015,0.009000000000000001,3.6175,1.3335000000000004,6.989000000000001
58,0087 Glyndŵr University Estimated Incoming Inf,0.004,0.001,0.009000000000000001,0.2775,0.111,0.555,0.0175,0.0075,0.035,0.008,0.002,0.016,0.16,0.04,0.32,0.015,0.005,0.03,0.0325,0.013,0.07150000000000001,0.008,0.004,0.018000000000000002,0.01,0.004,0.018000000000000002,1.91,0.382,4.202,0.0,0.0,0.0,2.4425,0.5695,5.2745
59,0131 Goldsmiths College Estimated Incoming Inf,0.022,0.0055000000000000005,0.0495,0.1025,0.041,0.205,0.091,0.039,0.182,0.064,0.016,0.128,0.078,0.0195,0.156,0.324,0.108,0.648,2.425,0.97,5.335,0.35600000000000004,0.17800000000000002,0.8009999999999999,0.195,0.078,0.35100000000000003,0.0375,0.0075,0.0825,0.02,0.005,0.03,3.715,1.4674999999999998,7.968
60,0336 Gower College Swansea Estimated Incoming Inf,0.0,0.0,0.0,0.0,0.0,0.0,0.0,0.0,0.0,0.0,0.0,0.0,0.0,0.0,0.0,0.0,0.0,0.0,0.0,0.0,0.0,0.0,0.0,0.0,0.0,0.0,0.0,0.0625,0.0125,0.1375,0.0,0.0,0.0,0.0625,0.0125,0.1375
61,0059 The University of Greenwich Estimated Incoming Inf,0.018000000000000002,0.0045000000000000005,0.0405,0.0575,0.023000000000000003,0.115,0.0875,0.0375,0.175,0.066,0.0165,0.132,0.054000000000000006,0.013500000000000002,0.108,0.72,0.24,1.44,4.19,1.676,9.218,1.1860000000000002,0.5930000000000001,2.6685,0.12,0.048,0.216,0.0275,0.0055000000000000005,0.0605,0.012,0.003,0.018000000000000002,6.5385,2.6605000000000003,14.1915
62,0208 Guildhall School of Music and Drama Estimated Incoming Inf,0.002,0.0005,0.0045,0.015,0.006,0.03,0.0315,0.013499999999999998,0.063,0.01,0.0025,0.02,0.01,0.0025,0.02,0.053999999999999986,0.018000000000000002,0.10799999999999997,0.125,0.05,0.275,0.054000000000000006,0.027000000000000003,0.1215,0.0275,0.011,0.0495,0.01,0.002,0.022,0.012,0.003,0.018000000000000002,0.35100000000000003,0.13600000000000004,0.7314999999999999
63,0018 Harper Adams University Estimated Incoming Inf,0.046000000000000006,0.011500000000000002,0.1035,0.185,0.07400000000000001,0.37,0.2765,0.1185,0.5529999999999999,0.232,0.058,0.464,0.252,0.063,0.504,0.354,0.118,0.708,0.0575,0.023000000000000003,0.1265,0.22400000000000006,0.11200000000000003,0.504,0.2575,0.103,0.4635,0.1625,0.0325,0.3575,0.102,0.0255,0.153,2.149,0.7390000000000001,4.307
64,0352 Hartpury University Estimated Incoming Inf,0.006,0.0015,0.013499999999999998,0.02,0.008,0.04,0.0245,0.0105,0.049,0.03,0.0075,0.06,0.096,0.024,0.192,0.048,0.016,0.096,0.03,0.012,0.066,0.104,0.052000000000000005,0.234,0.3,0.12,0.54,0.0775,0.0155,0.1705,0.006,0.0015,0.009000000000000001,0.7420000000000001,0.2685,1.4700000000000002
65,0171 Heriot-Watt University Estimated Incoming Inf,0.058,0.0145,0.13049999999999998,0.1075,0.043,0.215,0.0875,0.0375,0.175,0.024,0.006,0.048,0.026,0.006500000000000001,0.052000000000000005,0.084,0.028000000000000004,0.168,0.08,0.032,0.17600000000000002,0.068,0.034,0.153,0.0325,0.013,0.0585,0.0175,0.0035000000000000005,0.0385,2.0820000000000003,0.5205000000000001,3.123,2.6670000000000003,0.7385000000000002,4.3375
66,0060 University of Hertfordshire Estimated Incoming Inf,0.028000000000000004,0.007000000000000001,0.063,0.1,0.04,0.2,0.10500000000000002,0.045,0.21000000000000005,0.204,0.051,0.408,0.122,0.030500000000000006,0.244,4.728,1.5759999999999998,9.456,3.5,1.4,7.7,0.77,0.385,1.7325,0.16,0.064,0.28800000000000003,0.04,0.008,0.08800000000000001,0.024,0.006,0.036000000000000004,9.780999999999997,3.6125,20.425500000000003
67,0061 The University of Huddersfield Estimated Incoming Inf,0.07,0.0175,0.1575,1.1675,0.467,2.335,6.6640000000000015,2.8560000000000003,13.328,0.14,0.035,0.28,0.096,0.024,0.192,0.129,0.043,0.258,0.0925,0.037000000000000005,0.2035,0.07,0.035,0.1575,0.035,0.014000000000000002,0.063,0.05,0.01,0.11,0.01,0.0025,0.015,8.524000000000001,3.5409999999999995,17.0995
68,0120 The University of Hull Estimated Incoming Inf,0.17400000000000002,0.0435,0.3915,0.3875,0.155,0.775,6.4435,2.7615,12.887,0.3780000000000001,0.0945,0.7560000000000001,0.138,0.0345,0.276,0.327,0.109,0.6539999999999999,0.2775,0.111,0.6104999999999999,0.17600000000000002,0.08800000000000001,0.396,0.07,0.028000000000000004,0.126,0.035,0.007000000000000001,0.077,0.014000000000000002,0.0035000000000000005,0.021,8.4205,3.4355,16.970000000000002
69,"0132 Imperial College of Science, Technology and Medicine Estimated Incoming Inf",0.052000000000000005,0.013,0.117,0.2375,0.095,0.475,0.21700000000000005,0.093,0.4340000000000001,0.126,0.0315,0.252,0.162,0.0405,0.324,0.501,0.16699999999999998,1.002,1.8525,0.7410000000000001,4.0755,0.638,0.319,1.4354999999999998,0.2475,0.099,0.4455,0.115,0.023000000000000003,0.253,0.08199999999999999,0.0205,0.12299999999999997,4.2305,1.6424999999999998,8.936499999999997
70,0121 Keele University Estimated Incoming Inf,0.048,0.012,0.10799999999999997,0.69,0.276,1.38,0.30450000000000005,0.13049999999999998,0.6090000000000001,0.242,0.0605,0.484,1.758,0.4395,3.516,0.345,0.115,0.69,0.425,0.17,0.935,0.292,0.146,0.657,0.1625,0.065,0.2925,0.125,0.025,0.275,0.016,0.004,0.024,4.408,1.4434999999999998,8.9705
71,0122 The University of Kent Estimated Incoming Inf,0.024,0.006,0.053999999999999986,0.1,0.04,0.2,0.098,0.042,0.196,0.13,0.0325,0.26,0.11200000000000003,0.028000000000000004,0.22400000000000006,1.263,0.421,2.526,2.3875,0.955,5.2525,2.1919999999999997,1.0959999999999999,4.932,0.2225,0.08900000000000001,0.4005,0.0475,0.0095,0.1045,0.01,0.0025,0.015,6.586500000000001,2.7215,14.1645
72,0134 King's College London Estimated Incoming Inf,0.07600000000000001,0.019000000000000003,0.171,0.2925,0.11699999999999999,0.585,0.28,0.12,0.56,0.188,0.047,0.376,0.256,0.064,0.512,1.0290000000000001,0.34299999999999997,2.0580000000000003,5.39,2.156,11.858,1.308,0.654,2.943,0.48,0.192,0.8639999999999999,0.1275,0.0255,0.2805,0.068,0.017,0.102,9.495,3.7545,20.3095
73,0063 Kingston University Estimated Incoming Inf,0.038000000000000006,0.0095,0.08549999999999999,0.0925,0.037000000000000005,0.185,0.1155,0.0495,0.231,0.07,0.0175,0.14,0.08,0.02,0.16,0.42,0.14,0.84,4.115,1.646,9.053,1.11,0.555,2.4975,0.2675,0.107,0.4815,0.0575,0.011500000000000002,0.1265,0.012,0.003,0.018000000000000002,6.377999999999999,2.5960000000000005,13.818
74,0123 The University of Lancaster Estimated Incoming Inf,0.106,0.0265,0.2385,2.185,0.8740000000000001,4.37,0.5810000000000001,0.249,1.162,0.16399999999999998,0.041,0.328,0.258,0.0645,0.516,0.303,0.101,0.606,0.2875,0.115,0.6325,0.28,0.14,0.63,0.1575,0.063,0.2835,0.165,0.033,0.363,0.034,0.0085,0.051,4.521,1.7155,9.1805
75,0211 Leeds Arts University Estimated Incoming Inf,0.046000000000000006,0.011500000000000002,0.1035,0.1625,0.065,0.325,0.3780000000000001,0.162,0.7560000000000001,0.054000000000000006,0.013500000000000002,0.108,0.028000000000000004,0.007000000000000001,0.056000000000000015,0.075,0.025,0.15,0.055,0.022,0.121,0.05,0.025,0.1125,0.03,0.012,0.053999999999999986,0.0175,0.0035000000000000005,0.0385,0.006,0.0015,0.009000000000000001,0.902,0.34800000000000003,1.8335
76,0064 Leeds Beckett University Estimated Incoming Inf,0.534,0.1335,1.2015,1.805,0.722,3.61,7.2905000000000015,3.1245,14.581,0.638,0.1595,1.276,0.278,0.0695,0.556,0.534,0.17800000000000002,1.068,0.2625,0.105,0.5775,0.27399999999999997,0.13699999999999998,0.6164999999999999,0.1975,0.079,0.3555,0.1175,0.0235,0.2585,0.042,0.0105,0.063,11.973,4.742,24.163500000000006
77,0351 Leeds College of Music Estimated Incoming Inf,0.018000000000000002,0.0045000000000000005,0.0405,0.0775,0.031,0.155,0.196,0.084,0.392,0.044,0.011,0.08800000000000001,0.03,0.0075,0.06,0.063,0.021,0.126,0.0475,0.019000000000000003,0.1045,0.042,0.021,0.0945,0.0325,0.013,0.0585,0.01,0.002,0.022,0.008,0.002,0.012,0.5685,0.21600000000000005,1.153
78,0124 The University of Leeds Estimated Incoming Inf,0.456,0.114,1.026,2.06,0.8240000000000001,4.12,4.889500000000001,2.0955,9.779000000000002,0.7859999999999999,0.1965,1.5719999999999998,0.5780000000000001,0.14450000000000002,1.156,1.278,0.426,2.556,1.4275,0.5710000000000001,3.1405000000000003,1.062,0.531,2.3895,0.5125,0.205,0.9225,0.1975,0.0395,0.4345000000000001,0.062,0.0155,0.093,13.309,5.1625000000000005,27.189000000000004
79,0040 Leeds Trinity University Estimated Incoming Inf,0.07,0.0175,0.1575,0.1675,0.067,0.335,1.6065,0.6884999999999999,3.213,0.066,0.0165,0.132,0.028000000000000004,0.007000000000000001,0.056000000000000015,0.06899999999999999,0.023000000000000003,0.13799999999999998,0.0225,0.009000000000000001,0.0495,0.026,0.013,0.0585,0.0175,0.007000000000000001,0.0315,0.0125,0.0025,0.0275,0.004,0.001,0.006,2.0895000000000006,0.8519999999999999,4.2045
80,0125 The University of Leicester Estimated Incoming Inf,0.056000000000000015,0.014000000000000002,0.126,0.2975,0.119,0.595,0.406,0.174,0.812,1.204,0.301,2.408,0.574,0.1435,1.148,0.7829999999999999,0.261,1.5659999999999998,1.135,0.454,2.497,0.53,0.265,1.1925,0.2,0.08,0.36,0.095,0.019000000000000003,0.209,0.01,0.0025,0.015,5.2905,1.8330000000000002,10.9285
81,0062 The University of Lincoln Estimated Incoming Inf,0.086,0.0215,0.1935,0.25,0.1,0.5,1.7815,0.7635,3.563,2.17,0.5425,4.34,0.256,0.064,0.512,1.695,0.565,3.39,0.2475,0.099,0.5445,0.32,0.16,0.72,0.09,0.036000000000000004,0.162,0.055,0.011,0.121,0.006,0.0015,0.009000000000000001,6.957000000000002,2.3640000000000003,14.055000000000005
82,0023 Liverpool Hope University Estimated Incoming Inf,0.028000000000000004,0.007000000000000001,0.063,1.515,0.606,3.03,0.126,0.053999999999999986,0.252,0.046000000000000006,0.011500000000000002,0.092,0.118,0.0295,0.236,0.036000000000000004,0.012,0.07200000000000001,0.04,0.016,0.08800000000000001,0.03,0.015,0.0675,0.0225,0.009000000000000001,0.0405,0.0775,0.0155,0.1705,0.004,0.001,0.006,2.043,0.7765,4.1175000000000015
83,0065 Liverpool John Moores University Estimated Incoming Inf,0.1,0.025,0.225,6.9175,2.767,13.835,0.6335000000000001,0.2715,1.267,0.21,0.0525,0.42,0.522,0.1305,1.044,0.189,0.063,0.378,0.14,0.056000000000000015,0.308,0.158,0.079,0.3555,0.115,0.046000000000000006,0.207,0.715,0.14300000000000002,1.5730000000000002,0.014000000000000002,0.0035000000000000005,0.021,9.714,3.637,19.6335
84,0209 The Liverpool Institute for Performing Arts Estimated Incoming Inf,0.006,0.0015,0.013499999999999998,0.1075,0.043,0.215,0.042,0.018000000000000002,0.084,0.02,0.005,0.04,0.028000000000000004,0.007000000000000001,0.056000000000000015,0.021,0.007000000000000001,0.042,0.0225,0.009000000000000001,0.0495,0.022,0.011,0.0495,0.0125,0.005,0.0225,0.0175,0.0035000000000000005,0.0385,0.006,0.0015,0.009000000000000001,0.30500000000000005,0.11150000000000003,0.6194999999999999
85,0126 The University of Liverpool Estimated Incoming Inf,0.168,0.042,0.378,3.9175,1.5670000000000002,7.835,1.239,0.531,2.478,0.43,0.1075,0.86,0.7859999999999999,0.1965,1.5719999999999998,0.5760000000000001,0.192,1.1520000000000001,0.62,0.248,1.364,0.61,0.305,1.3725,0.3975,0.159,0.7155,0.5,0.1,1.1,0.034,0.0085,0.051,9.278000000000002,3.456500000000001,18.878
86,0228 Liverpool School of Tropical Medicine Estimated Incoming Inf,0.002,0.0005,0.0045,0.05,0.02,0.1,0.0105,0.0045,0.021,0.004,0.001,0.008,0.004,0.001,0.008,0.006,0.002,0.012,0.01,0.004,0.022,0.01,0.005,0.0225,0.0075,0.003,0.013499999999999998,0.0075,0.0015,0.0165,0.006,0.0015,0.009000000000000001,0.11750000000000002,0.04400000000000001,0.23700000000000004
87,0334 Grŵp Llandrillo Menai Estimated Incoming Inf,0.0,0.0,0.0,0.005,0.002,0.01,0.0,0.0,0.0,0.0,0.0,0.0,0.0,0.0,0.0,0.0,0.0,0.0,0.0,0.0,0.0,0.0,0.0,0.0,0.0,0.0,0.0,0.6975,0.1395,1.5345,0.0,0.0,0.0,0.7025,0.1415,1.5445
88,"0024 University of the Arts, London Estimated Incoming Inf",0.044,0.011,0.099,0.1825,0.073,0.365,0.21700000000000005,0.093,0.4340000000000001,0.132,0.033,0.264,0.132,0.033,0.264,0.561,0.187,1.122,2.045,0.818,4.499,0.62,0.31,1.395,0.3675,0.14700000000000002,0.6614999999999999,0.065,0.013,0.14300000000000002,0.046000000000000006,0.011500000000000002,0.06899999999999999,4.412000000000001,1.7294999999999998,9.315500000000002
89,0135 London Business School Estimated Incoming Inf,0.0,0.0,0.0,0.0025,0.001,0.005,0.0,0.0,0.0,0.002,0.0005,0.004,0.004,0.001,0.008,0.009000000000000001,0.003,0.018000000000000002,0.1925,0.077,0.4235,0.012,0.006,0.027,0.0,0.0,0.0,0.0,0.0,0.0,0.002,0.0005,0.003,0.22400000000000006,0.08900000000000001,0.4885000000000001
90,0151 University of London (Institutes and activities) Estimated Incoming Inf,0.0,0.0,0.0,0.0025,0.001,0.005,0.0,0.0,0.0,0.0,0.0,0.0,0.002,0.0005,0.004,0.012,0.004,0.024,0.04,0.016,0.08800000000000001,0.01,0.005,0.0225,0.0025,0.001,0.0045,0.0025,0.0005,0.0055000000000000005,0.002,0.0005,0.003,0.07350000000000001,0.028500000000000008,0.15650000000000006
91,0202 London Metropolitan University Estimated Incoming Inf,0.014000000000000002,0.0035000000000000005,0.0315,0.055,0.022,0.11,0.0595,0.0255,0.119,0.042,0.0105,0.084,0.044,0.011,0.08800000000000001,0.363,0.121,0.726,3.1425,1.257,6.9135,0.232,0.116,0.5219999999999999,0.0625,0.025,0.1125,0.0225,0.0045000000000000005,0.0495,0.012,0.003,0.018000000000000002,4.049,1.5990000000000002,8.774000000000001
92,0076 London South Bank University Estimated Incoming Inf,0.016,0.004,0.036000000000000004,0.0575,0.023000000000000003,0.115,0.063,0.027,0.126,0.06,0.015,0.12,0.07200000000000001,0.018000000000000002,0.14400000000000002,0.936,0.312,1.872,5.535,2.214,12.177,0.7440000000000001,0.3720000000000001,1.6740000000000002,0.1325,0.053,0.2385,0.0325,0.006500000000000001,0.07150000000000001,0.006,0.0015,0.009000000000000001,7.6545,3.0460000000000003,16.583
93,0137 London School of Economics and Political Science Estimated Incoming Inf,0.02,0.005,0.045,0.0975,0.039,0.195,0.0805,0.0345,0.161,0.046000000000000006,0.011500000000000002,0.092,0.068,0.017,0.136,0.21,0.07,0.42,0.9425,0.377,2.0735,0.23,0.115,0.5175,0.1075,0.043,0.1935,0.0325,0.006500000000000001,0.07150000000000001,0.02,0.005,0.03,1.8545,0.7234999999999999,3.935
94,0138 London School of Hygiene and Tropical Medicine Estimated Incoming Inf,0.0,0.0,0.0,0.0075,0.003,0.015,0.007000000000000001,0.003,0.014000000000000002,0.006,0.0015,0.012,0.006,0.0015,0.012,0.03,0.01,0.06,0.17,0.068,0.374,0.028000000000000004,0.014000000000000002,0.063,0.01,0.004,0.018000000000000002,0.0025,0.0005,0.0055000000000000005,0.004,0.001,0.006,0.271,0.1065,0.5795
95,0152 Loughborough University Estimated Incoming Inf,0.07,0.0175,0.1575,0.3875,0.155,0.775,0.4375000000000001,0.1875,0.8750000000000001,0.754,0.1885,1.508,0.464,0.116,0.928,1.086,0.362,2.172,1.01,0.404,2.222,0.944,0.472,2.124,0.3975,0.159,0.7155,0.175,0.035,0.385,0.038000000000000006,0.0095,0.057,5.7635000000000005,2.1060000000000003,11.919
96,0066 The Manchester Metropolitan University Estimated Incoming Inf,0.276,0.069,0.621,8.7975,3.5189999999999997,17.595,2.0615,0.8835,4.123,0.59,0.1475,1.18,0.74,0.185,1.48,0.423,0.141,0.846,0.345,0.138,0.759,0.364,0.182,0.8190000000000001,0.335,0.134,0.603,0.3675,0.07350000000000001,0.8085,0.048,0.012,0.07200000000000001,14.3475,5.4845,28.9065
97,0204 The University of Manchester Estimated Incoming Inf,0.24,0.06,0.54,4.4925,1.7970000000000002,8.985,1.5400000000000005,0.66,3.0800000000000005,0.49,0.1225,0.98,0.672,0.168,1.344,0.723,0.241,1.446,1.41,0.564,3.102,0.9,0.45,2.025,0.6625,0.265,1.1925,0.4025,0.0805,0.8855,0.102,0.0255,0.153,11.6345,4.4335,23.733
98,0067 Middlesex University Estimated Incoming Inf,0.022,0.0055000000000000005,0.0495,0.0925,0.037000000000000005,0.185,0.126,0.053999999999999986,0.252,0.094,0.0235,0.188,0.1,0.025,0.2,0.897,0.29900000000000004,1.794,5.43,2.1719999999999997,11.946,0.4380000000000001,0.21900000000000006,0.9855,0.1225,0.049,0.2205,0.0375,0.0075,0.0825,0.024,0.006,0.036000000000000004,7.383499999999999,2.8974999999999995,15.938999999999998
99,0154 Newcastle University Estimated Incoming Inf,2.092,0.523,4.707,1.335,0.534,2.67,2.2715000000000005,0.9735,4.543000000000001,0.5680000000000001,0.14200000000000002,1.136,0.244,0.06100000000000001,0.488,0.7709999999999999,0.257,1.5419999999999998,0.6775,0.271,1.4905000000000002,0.6559999999999999,0.328,1.476,0.3325,0.133,0.5984999999999999,0.105,0.021,0.231,0.17600000000000002,0.044,0.264,9.2285,3.2875,19.146000000000004
100,0028 Newman University Estimated Incoming Inf,0.002,0.0005,0.0045,0.01,0.004,0.02,0.0175,0.0075,0.035,0.024,0.006,0.048,1.016,0.254,2.032,0.015,0.005,0.03,0.02,0.008,0.044,0.01,0.005,0.0225,0.0125,0.005,0.0225,0.005,0.001,0.011,0.002,0.0005,0.003,1.1340000000000001,0.29650000000000004,2.2725
101,0027 The University of Northampton Estimated Incoming Inf,0.016,0.004,0.036000000000000004,0.0575,0.023000000000000003,0.115,0.0875,0.0375,0.175,1.63,0.4075,3.26,0.32,0.08,0.64,0.711,0.237,1.422,0.9325,0.3730000000000001,2.0515,0.5539999999999999,0.277,1.2465,0.075,0.03,0.135,0.04,0.008,0.08800000000000001,0.006,0.0015,0.009000000000000001,4.429500000000001,1.4785,9.177999999999997
102,0335 Grŵp NPTC Group Estimated Incoming Inf,0.0,0.0,0.0,0.0,0.0,0.0,0.0,0.0,0.0,0.0,0.0,0.0,0.0,0.0,0.0,0.0,0.0,0.0,0.0,0.0,0.0,0.0,0.0,0.0,0.0,0.0,0.0,0.08,0.016,0.17600000000000002,0.0,0.0,0.0,0.08,0.016,0.17600000000000002
103,0069 University of Northumbria at Newcastle Estimated Incoming Inf,5.34,1.335,12.015,0.76,0.30400000000000005,1.52,2.0370000000000004,0.873,4.074000000000002,0.238,0.0595,0.476,0.07,0.0175,0.14,0.204,0.068,0.408,0.25,0.1,0.55,0.126,0.063,0.2835,0.065,0.026,0.117,0.03,0.006,0.066,0.07600000000000001,0.019000000000000003,0.114,9.196,2.871,19.7635
104,0190 Norwich University of the Arts Estimated Incoming Inf,0.006,0.0015,0.013499999999999998,0.02,0.008,0.04,0.0315,0.013499999999999998,0.063,0.066,0.0165,0.132,0.014000000000000002,0.0035000000000000005,0.028000000000000004,0.813,0.271,1.626,0.085,0.034,0.187,0.09,0.045,0.2025,0.02,0.008,0.036000000000000004,0.005,0.001,0.011,0.002,0.0005,0.003,1.1525,0.4025,2.342
105,0155 University of Nottingham Estimated Incoming Inf,0.126,0.0315,0.2835,0.805,0.322,1.61,1.0815,0.4635,2.1630000000000003,2.3520000000000003,0.5880000000000001,4.7040000000000015,1.006,0.2515,2.012,1.872,0.624,3.744,2.08,0.8320000000000001,4.5760000000000005,1.344,0.672,3.024,0.5275,0.211,0.9495,0.2025,0.0405,0.4455,0.03,0.0075,0.045,11.4265,4.043500000000001,23.556500000000003
106,0071 The Nottingham Trent University Estimated Incoming Inf,0.11200000000000003,0.028000000000000004,0.252,0.6175,0.247,1.235,1.078,0.462,2.156,4.166,1.0415,8.332,1.406,0.3515,2.812,2.247,0.7490000000000001,4.494,1.1075,0.4430000000000001,2.4365,0.9159999999999999,0.45799999999999996,2.061,0.3225,0.129,0.5805,0.125,0.025,0.275,0.02,0.005,0.03,12.117499999999998,3.9389999999999996,24.664
107,0001 The Open University Estimated Incoming Inf,0.0,0.0,0.0,0.0025,0.001,0.005,0.0035000000000000005,0.0015,0.007000000000000001,0.004,0.001,0.008,0.002,0.0005,0.004,0.018000000000000002,0.006,0.036000000000000004,0.0275,0.011,0.0605,0.068,0.034,0.153,0.0025,0.001,0.0045,0.0,0.0,0.0,0.002,0.0005,0.003,0.13,0.056500000000000015,0.281
108,0072 Oxford Brookes University Estimated Incoming Inf,0.024,0.006,0.053999999999999986,0.115,0.046000000000000006,0.23,0.1295,0.0555,0.259,0.22,0.055,0.44,0.422,0.1055,0.8440000000000001,0.57,0.19,1.14,0.605,0.242,1.331,2.456,1.228,5.526,1.0925,0.4370000000000001,1.9665,0.155,0.031,0.341,0.034,0.0085,0.051,5.8229999999999995,2.4045000000000005,12.1825
109,0156 The University of Oxford Estimated Incoming Inf,0.11,0.0275,0.2475,0.4725,0.18900000000000006,0.945,0.4200000000000001,0.18,0.8400000000000002,0.244,0.06100000000000001,0.488,0.392,0.098,0.784,0.8370000000000001,0.27899999999999997,1.6740000000000002,1.9525,0.7810000000000001,4.2955000000000005,1.888,0.944,4.248,0.745,0.298,1.341,0.185,0.037000000000000005,0.407,0.154,0.0385,0.231,7.399999999999999,2.9330000000000003,15.501
110,0230 Plymouth College of Art Estimated Incoming Inf,0.002,0.0005,0.0045,0.01,0.004,0.02,0.0105,0.0045,0.021,0.012,0.003,0.024,0.018000000000000002,0.0045000000000000005,0.036000000000000004,0.03,0.01,0.06,0.02,0.008,0.044,0.054000000000000006,0.027000000000000003,0.1215,0.4625,0.185,0.8325,0.025,0.005,0.055,0.0,0.0,0.0,0.644,0.2515,1.2185
111,0073 University of Plymouth Estimated Incoming Inf,0.026,0.006500000000000001,0.0585,0.145,0.058,0.29,0.126,0.053999999999999986,0.252,0.136,0.034,0.272,0.268,0.067,0.536,0.405,0.135,0.81,0.3975,0.159,0.8745,0.784,0.392,1.764,5.7225,2.289,10.3005,0.2975,0.0595,0.6545000000000001,0.016,0.004,0.024,8.3235,3.258,15.836
112,0074 The University of Portsmouth Estimated Incoming Inf,0.022,0.0055000000000000005,0.0495,0.075,0.03,0.15,0.0805,0.0345,0.161,0.138,0.0345,0.276,0.19400000000000006,0.048500000000000015,0.3880000000000001,0.957,0.319,1.914,1.73,0.6920000000000001,3.806,3.958,1.979,8.9055,0.82,0.328,1.476,0.135,0.027000000000000003,0.297,0.012,0.003,0.018000000000000002,8.121500000000001,3.5010000000000003,17.441000000000006
113,"0100 Queen Margaret University, Edinburgh Estimated Incoming Inf",0.022,0.0055000000000000005,0.0495,0.0525,0.021,0.105,0.028000000000000004,0.012,0.056000000000000015,0.014000000000000002,0.0035000000000000005,0.028000000000000004,0.012,0.003,0.024,0.024,0.008,0.048,0.04,0.016,0.08800000000000001,0.026,0.013,0.0585,0.0275,0.011,0.0495,0.0175,0.0035000000000000005,0.0385,1.364,0.341,2.046,1.6275000000000002,0.4375,2.591
114,0139 Queen Mary University of London Estimated Incoming Inf,0.04,0.01,0.09,0.18,0.07200000000000001,0.36,0.15750000000000006,0.0675,0.3150000000000001,0.11,0.0275,0.22,0.15200000000000002,0.038000000000000006,0.30400000000000005,0.708,0.236,1.416,4.1425,1.6570000000000005,9.1135,0.562,0.281,1.2645,0.2275,0.091,0.4095,0.0775,0.0155,0.1705,0.022,0.0055000000000000005,0.033,6.379,2.5010000000000003,13.696
115,0030 Ravensbourne University London Estimated Incoming Inf,0.004,0.001,0.009000000000000001,0.0175,0.007000000000000001,0.035,0.014000000000000002,0.006,0.028000000000000004,0.018000000000000002,0.0045000000000000005,0.036000000000000004,0.016,0.004,0.032,0.18,0.06,0.36,0.6325,0.253,1.3915,0.138,0.069,0.3105,0.035,0.014000000000000002,0.063,0.0025,0.0005,0.0055000000000000005,0.004,0.001,0.006,1.0615,0.42,2.2765
116,0157 The University of Reading Estimated Incoming Inf,0.022,0.0055000000000000005,0.0495,0.1175,0.047,0.235,0.1295,0.0555,0.259,0.17400000000000002,0.0435,0.34800000000000003,0.266,0.0665,0.532,0.792,0.264,1.584,1.1225,0.449,2.4695,1.944,0.972,4.374,0.8225,0.329,1.4805,0.2525,0.0505,0.5555,0.022,0.0055000000000000005,0.033,5.6645,2.2880000000000003,11.92
117,0104 The Robert Gordon University Estimated Incoming Inf,0.004,0.001,0.009000000000000001,0.0075,0.003,0.015,0.0105,0.0045,0.021,0.004,0.001,0.008,0.004,0.001,0.008,0.012,0.004,0.024,0.0175,0.007000000000000001,0.0385,0.006,0.003,0.013499999999999998,0.005,0.002,0.009000000000000001,0.0025,0.0005,0.0055000000000000005,2.8560000000000003,0.7140000000000001,4.284,2.9290000000000003,0.7410000000000001,4.4355
118,0031 Roehampton University Estimated Incoming Inf,0.008,0.002,0.018000000000000002,0.12,0.048,0.24,0.056000000000000015,0.024,0.11200000000000003,0.116,0.029,0.232,0.424,0.106,0.848,0.41700000000000004,0.139,0.8340000000000001,3.67,1.4680000000000002,8.074,0.54,0.27,1.215,0.1075,0.043,0.1935,0.015,0.003,0.033,0.006,0.0015,0.009000000000000001,5.4795,2.1335000000000006,11.8085
119,0032 Rose Bruford College of Theatre and Performance Estimated Incoming Inf,0.004,0.001,0.009000000000000001,0.0225,0.009000000000000001,0.045,0.0245,0.0105,0.049,0.012,0.003,0.024,0.014000000000000002,0.0035000000000000005,0.028000000000000004,0.036000000000000004,0.012,0.07200000000000001,0.0625,0.025,0.1375,0.046000000000000006,0.023000000000000003,0.1035,0.025,0.01,0.045,0.01,0.002,0.022,0.004,0.001,0.006,0.2605,0.1,0.541
120,0033 Royal Academy of Music Estimated Incoming Inf,0.002,0.0005,0.0045,0.02,0.008,0.04,0.014000000000000002,0.006,0.028000000000000004,0.014000000000000002,0.0035000000000000005,0.028000000000000004,0.006,0.0015,0.012,0.027,0.009000000000000001,0.053999999999999986,0.0575,0.023000000000000003,0.1265,0.034,0.017,0.0765,0.025,0.01,0.045,0.015,0.003,0.033,0.014000000000000002,0.0035000000000000005,0.021,0.2285,0.085,0.4685
121,0195 Royal Agricultural University Estimated Incoming Inf,0.006,0.0015,0.013499999999999998,0.0175,0.007000000000000001,0.035,0.0315,0.013499999999999998,0.063,0.034,0.0085,0.068,0.036000000000000004,0.009000000000000001,0.07200000000000001,0.078,0.026,0.156,0.03,0.012,0.066,0.07600000000000001,0.038000000000000006,0.171,0.1475,0.059,0.2655,0.015,0.003,0.033,0.008,0.002,0.012,0.4795,0.17950000000000002,0.955
122,0003 Royal College of Art Estimated Incoming Inf,0.002,0.0005,0.0045,0.01,0.004,0.02,0.0105,0.0045,0.021,0.006,0.0015,0.012,0.01,0.0025,0.02,0.03,0.01,0.06,0.205,0.08199999999999999,0.451,0.034,0.017,0.0765,0.02,0.008,0.036000000000000004,0.0075,0.0015,0.0165,0.008,0.002,0.012,0.34299999999999997,0.13349999999999998,0.7294999999999999
123,0034 Royal College of Music Estimated Incoming Inf,0.002,0.0005,0.0045,0.0175,0.007000000000000001,0.035,0.0105,0.0045,0.021,0.008,0.002,0.016,0.008,0.002,0.016,0.027,0.009000000000000001,0.053999999999999986,0.065,0.026,0.14300000000000002,0.026,0.013,0.0585,0.0175,0.007000000000000001,0.0315,0.01,0.002,0.022,0.008,0.002,0.012,0.1995,0.07500000000000002,0.4135000000000001
124,0101 Royal Conservatoire of Scotland Estimated Incoming Inf,0.004,0.001,0.009000000000000001,0.015,0.006,0.03,0.0175,0.0075,0.035,0.006,0.0015,0.012,0.004,0.001,0.008,0.012,0.004,0.024,0.015,0.006,0.033,0.012,0.006,0.027,0.0075,0.003,0.013499999999999998,0.0075,0.0015,0.0165,0.256,0.064,0.384,0.35650000000000004,0.1015,0.5920000000000001
125,0010 The Royal Central School of Speech and Drama Estimated Incoming Inf,0.004,0.001,0.009000000000000001,0.0175,0.007000000000000001,0.035,0.021,0.009000000000000001,0.042,0.014000000000000002,0.0035000000000000005,0.028000000000000004,0.014000000000000002,0.0035000000000000005,0.028000000000000004,0.053999999999999986,0.018000000000000002,0.10799999999999997,0.115,0.046000000000000006,0.253,0.058,0.029,0.13049999999999998,0.0325,0.013,0.0585,0.0075,0.0015,0.0165,0.01,0.0025,0.015,0.3475,0.13400000000000006,0.7234999999999999
126,0141 Royal Holloway and Bedford New College Estimated Incoming Inf,0.016,0.004,0.036000000000000004,0.07,0.028000000000000004,0.14,0.084,0.036000000000000004,0.168,0.064,0.016,0.128,0.092,0.023000000000000003,0.184,0.495,0.165,0.99,1.4975,0.599,3.2945,1.032,0.516,2.322,0.2975,0.119,0.5355,0.06,0.012,0.132,0.008,0.002,0.012,3.716,1.52,7.941999999999998
127,0035 Royal Northern College of Music Estimated Incoming Inf,0.006,0.0015,0.013499999999999998,0.0825,0.033,0.165,0.038500000000000006,0.0165,0.07700000000000001,0.018000000000000002,0.0045000000000000005,0.036000000000000004,0.016,0.004,0.032,0.024,0.008,0.048,0.025,0.01,0.055,0.026,0.013,0.0585,0.015,0.006,0.027,0.0225,0.0045000000000000005,0.0495,0.016,0.004,0.024,0.28950000000000004,0.10500000000000002,0.5855
128,0143 The Royal Veterinary College Estimated Incoming Inf,0.012,0.003,0.027,0.05,0.02,0.1,0.0665,0.0285,0.133,0.046000000000000006,0.011500000000000002,0.092,0.032,0.008,0.064,0.195,0.065,0.39,0.16,0.064,0.35200000000000004,0.16399999999999998,0.08199999999999999,0.369,0.0925,0.037000000000000005,0.16649999999999998,0.03,0.006,0.066,0.014000000000000002,0.0035000000000000005,0.021,0.862,0.3285000000000001,1.7805000000000002
129,0173 The University of St Andrews Estimated Incoming Inf,0.05,0.0125,0.1125,0.16,0.064,0.32,0.14700000000000002,0.063,0.29400000000000004,0.07,0.0175,0.14,0.056000000000000015,0.014000000000000002,0.11200000000000003,0.18,0.06,0.36,0.24,0.096,0.528,0.22,0.11,0.495,0.0875,0.035,0.1575,0.0375,0.0075,0.0825,1.122,0.2805,1.6829999999999998,2.37,0.7600000000000001,4.2845
130,"0145 St George's, University of London Estimated Incoming Inf",0.01,0.0025,0.0225,0.0425,0.017,0.085,0.035,0.015,0.07,0.028000000000000004,0.007000000000000001,0.056000000000000015,0.042,0.0105,0.084,0.162,0.054000000000000006,0.324,1.275,0.51,2.805,0.366,0.183,0.8234999999999999,0.065,0.026,0.117,0.0225,0.0045000000000000005,0.0495,0.006,0.0015,0.009000000000000001,2.0540000000000003,0.831,4.445500000000001
131,0194 St Mary's University College Estimated Incoming Inf,0.0,0.0,0.0,0.0,0.0,0.0,0.0,0.0,0.0,0.0,0.0,0.0,0.0,0.0,0.0,0.0,0.0,0.0,0.0,0.0,0.0,0.0,0.0,0.0,0.0,0.0,0.0,0.0,0.0,0.0,0.0,0.0,0.0,0.0,0.0,0.0
132,"0039 St Mary's University, Twickenham Estimated Incoming Inf",0.016,0.004,0.036000000000000004,0.0325,0.013,0.065,0.038500000000000006,0.0165,0.07700000000000001,0.024,0.006,0.048,0.026,0.006500000000000001,0.052000000000000005,0.243,0.081,0.486,1.275,0.51,2.805,0.494,0.247,1.1115,0.0875,0.035,0.1575,0.02,0.004,0.044,0.008,0.002,0.012,2.2645,0.925,4.893999999999999
133,0158 The University of Salford Estimated Incoming Inf,0.122,0.030500000000000006,0.2745,7.0,2.8,14.0,0.8435000000000001,0.3615,1.6870000000000005,0.232,0.058,0.464,0.26,0.065,0.52,0.141,0.047,0.282,0.125,0.05,0.275,0.13,0.065,0.2925,0.0925,0.037000000000000005,0.16649999999999998,0.1675,0.0335,0.3685,0.026,0.006500000000000001,0.039,9.1395,3.554,18.369
134,0146 SOAS University of London Estimated Incoming Inf,0.01,0.0025,0.0225,0.0325,0.013,0.065,0.035,0.015,0.07,0.022,0.0055000000000000005,0.044,0.03,0.0075,0.06,0.12299999999999997,0.041,0.246,0.87,0.34800000000000003,1.914,0.138,0.069,0.3105,0.0625,0.025,0.1125,0.0175,0.0035000000000000005,0.0385,0.012,0.003,0.018000000000000002,1.3525,0.5329999999999999,2.9010000000000002
135,0175 SRUC Estimated Incoming Inf,0.002,0.0005,0.0045,0.0025,0.001,0.005,0.0,0.0,0.0,0.0,0.0,0.0,0.0,0.0,0.0,0.003,0.001,0.006,0.0025,0.001,0.0055000000000000005,0.0,0.0,0.0,0.0025,0.001,0.0045,0.0,0.0,0.0,0.5479999999999999,0.13699999999999998,0.8220000000000001,0.5605,0.1415,0.8475
136,0075 Sheffield Hallam University Estimated Incoming Inf,0.22400000000000006,0.056000000000000015,0.504,1.3825,0.5529999999999999,2.765,9.121000000000002,3.909,18.242000000000004,2.404,0.601,4.808,0.5479999999999999,0.13699999999999998,1.0959999999999999,0.648,0.21600000000000005,1.296,0.2375,0.095,0.5225,0.264,0.132,0.594,0.1825,0.073,0.3285,0.085,0.017,0.187,0.03,0.0075,0.045,15.126500000000002,5.796500000000001,30.38800000000001
137,0159 The University of Sheffield Estimated Incoming Inf,0.236,0.059,0.531,1.34,0.536,2.68,3.5000000000000004,1.5,7.000000000000001,1.058,0.2645,2.116,0.5820000000000001,0.14550000000000002,1.164,1.041,0.34700000000000003,2.082,0.7275,0.29100000000000004,1.6005,0.7240000000000001,0.362,1.629,0.4225,0.16899999999999998,0.7605,0.145,0.029,0.319,0.038000000000000006,0.0095,0.057,9.814,3.7125,19.939
138,0037 Solent University Estimated Incoming Inf,0.012,0.003,0.027,0.05,0.02,0.1,0.056000000000000015,0.024,0.11200000000000003,0.07400000000000001,0.018500000000000003,0.14800000000000002,0.09,0.0225,0.18,0.378,0.126,0.7559999999999999,0.3925,0.157,0.8634999999999999,1.73,0.865,3.8925,0.7225,0.28900000000000003,1.3004999999999998,0.065,0.013,0.14300000000000002,0.016,0.004,0.024,3.5860000000000003,1.5420000000000005,7.5465
139,0160 The University of Southampton Estimated Incoming Inf,0.03,0.0075,0.0675,0.1275,0.051,0.255,0.1225,0.0525,0.245,0.14,0.035,0.28,0.24,0.06,0.48,0.825,0.275,1.65,1.41,0.564,3.102,2.8040000000000003,1.402,6.309,1.1825,0.473,2.1285,0.2025,0.0405,0.4455,0.028000000000000004,0.007000000000000001,0.042,7.111999999999999,2.9675,15.004499999999998
140,0077 Staffordshire University Estimated Incoming Inf,0.028000000000000004,0.007000000000000001,0.063,0.77,0.308,1.54,0.19950000000000004,0.08549999999999999,0.3990000000000001,0.272,0.068,0.544,2.792,0.698,5.584,0.21,0.07,0.42,0.1475,0.059,0.3245,0.17800000000000002,0.08900000000000001,0.4005,0.13,0.052000000000000005,0.234,0.125,0.025,0.275,0.008,0.002,0.012,4.8599999999999985,1.4635,9.796
141,0174 The University of Stirling Estimated Incoming Inf,0.06,0.015,0.135,0.0775,0.031,0.155,0.063,0.027,0.126,0.026,0.006500000000000001,0.052000000000000005,0.014000000000000002,0.0035000000000000005,0.028000000000000004,0.048,0.016,0.096,0.055,0.022,0.121,0.052000000000000005,0.026,0.117,0.035,0.014000000000000002,0.063,0.015,0.003,0.033,3.158,0.7895,4.737,3.6035,0.9535,5.662999999999999
142,0014 University of St Mark and St John Estimated Incoming Inf,0.002,0.0005,0.0045,0.02,0.008,0.04,0.0245,0.0105,0.049,0.016,0.004,0.032,0.022,0.0055000000000000005,0.044,0.039,0.013,0.078,0.0675,0.027000000000000003,0.1485,0.078,0.039,0.17550000000000002,1.015,0.406,1.827,0.035,0.007000000000000001,0.077,0.002,0.0005,0.003,1.3209999999999995,0.521,2.4785
143,0193 Stranmillis University College Estimated Incoming Inf,0.0,0.0,0.0,0.0,0.0,0.0,0.0,0.0,0.0,0.0,0.0,0.0,0.0,0.0,0.0,0.0,0.0,0.0,0.0025,0.001,0.0055000000000000005,0.0,0.0,0.0,0.0,0.0,0.0,0.0,0.0,0.0,0.0,0.0,0.0,0.0025,0.001,0.0055000000000000005
144,0169 The University of Strathclyde Estimated Incoming Inf,0.024,0.006,0.053999999999999986,0.0725,0.029,0.145,0.05250000000000001,0.0225,0.10500000000000002,0.018000000000000002,0.0045000000000000005,0.036000000000000004,0.022,0.0055000000000000005,0.044,0.057,0.019000000000000003,0.114,0.055,0.022,0.121,0.048,0.024,0.10799999999999997,0.03,0.012,0.053999999999999986,0.0175,0.0035000000000000005,0.0385,6.56,1.64,9.84,6.956499999999999,1.7879999999999998,10.6595
145,0210 University of Suffolk Estimated Incoming Inf,0.004,0.001,0.009000000000000001,0.0125,0.005,0.025,0.0175,0.0075,0.035,0.024,0.006,0.048,0.01,0.0025,0.02,2.637,0.879,5.274,0.9025,0.361,1.9855,0.068,0.034,0.153,0.0175,0.007000000000000001,0.0315,0.0025,0.0005,0.0055000000000000005,0.0,0.0,0.0,3.6955,1.3035,7.586499999999999
146,0078 The University of Sunderland Estimated Incoming Inf,3.24,0.81,7.29,0.0725,0.029,0.145,0.203,0.087,0.406,0.032,0.008,0.064,0.02,0.005,0.04,0.165,0.055,0.33,1.225,0.49,2.695,0.07,0.035,0.1575,0.0175,0.007000000000000001,0.0315,0.0075,0.0015,0.0165,0.018000000000000002,0.0045000000000000005,0.027,5.0705,1.5319999999999998,11.2025
147,0161 The University of Surrey Estimated Incoming Inf,0.026,0.006500000000000001,0.0585,0.1,0.04,0.2,0.091,0.039,0.182,0.09,0.0225,0.18,0.102,0.0255,0.204,0.546,0.182,1.092,1.5,0.6,3.3,2.064,1.032,4.644,0.3675,0.14700000000000002,0.6614999999999999,0.0825,0.0165,0.1815,0.02,0.005,0.03,4.988999999999999,2.116,10.7335
148,0162 The University of Sussex Estimated Incoming Inf,0.024,0.006,0.053999999999999986,0.0775,0.031,0.155,0.0875,0.0375,0.175,0.084,0.021,0.168,0.102,0.0255,0.204,0.747,0.24900000000000005,1.494,1.71,0.684,3.762,2.34,1.17,5.265,0.4725,0.18900000000000006,0.8504999999999999,0.07,0.014000000000000002,0.154,0.016,0.004,0.024,5.7305,2.431,12.3055
149,0180 Swansea University Estimated Incoming Inf,0.012,0.003,0.027,0.1875,0.075,0.375,0.1085,0.046499999999999986,0.21700000000000005,0.132,0.033,0.264,0.366,0.0915,0.732,0.33,0.11,0.66,0.4875,0.195,1.0725,0.778,0.389,1.7504999999999995,1.0375,0.415,1.8675,4.6,0.92,10.12,0.012,0.003,0.018000000000000002,8.051,2.281,17.1035
150,0079 Teesside University Estimated Incoming Inf,4.922,1.2305,11.0745,0.1925,0.077,0.385,1.05,0.45,2.1,0.07600000000000001,0.019000000000000003,0.15200000000000002,0.064,0.016,0.128,0.10799999999999997,0.036000000000000004,0.216,0.1,0.04,0.22,0.07400000000000001,0.037000000000000005,0.16649999999999998,0.0425,0.017,0.0765,0.0425,0.0085,0.0935,0.028000000000000004,0.007000000000000001,0.042,6.6995000000000005,1.938,14.654000000000002
151,0041 Trinity Laban Conservatoire of Music and Dance Estimated Incoming Inf,0.006,0.0015,0.013499999999999998,0.0225,0.009000000000000001,0.045,0.028000000000000004,0.012,0.056000000000000015,0.02,0.005,0.04,0.016,0.004,0.032,0.057,0.019000000000000003,0.114,0.1125,0.045,0.2475,0.07400000000000001,0.037000000000000005,0.16649999999999998,0.0475,0.019000000000000003,0.08549999999999999,0.01,0.002,0.022,0.014000000000000002,0.0035000000000000005,0.021,0.4075,0.15700000000000006,0.8430000000000001
152,0176 University of Wales Trinity Saint David Estimated Incoming Inf,0.006,0.0015,0.013499999999999998,0.0275,0.011,0.055,0.028000000000000004,0.012,0.056000000000000015,0.02,0.005,0.04,0.404,0.101,0.8079999999999999,0.096,0.032,0.192,0.56,0.22400000000000006,1.232,0.092,0.046000000000000006,0.207,0.09,0.036000000000000004,0.162,3.42,0.684,7.524,0.004,0.001,0.006,4.7475,1.1535,10.2955
153,0196 University of the Highlands and Islands Estimated Incoming Inf,0.002,0.0005,0.0045,0.0175,0.007000000000000001,0.035,0.014000000000000002,0.006,0.028000000000000004,0.004,0.001,0.008,0.006,0.0015,0.012,0.012,0.004,0.024,0.015,0.006,0.033,0.012,0.006,0.027,0.02,0.008,0.036000000000000004,0.0075,0.0015,0.0165,3.582,0.8955,5.372999999999998,3.692,0.937,5.597
154,0185 Ulster University Estimated Incoming Inf,0.01,0.0025,0.0225,0.0325,0.013,0.065,0.021,0.009000000000000001,0.042,0.01,0.0025,0.02,0.018000000000000002,0.0045000000000000005,0.036000000000000004,0.021,0.007000000000000001,0.042,0.1425,0.057,0.3135,0.018000000000000002,0.009000000000000001,0.0405,0.015,0.006,0.027,0.005,0.001,0.011,0.014000000000000002,0.0035000000000000005,0.021,0.30700000000000005,0.11500000000000002,0.6405000000000001
155,0149 University College London Estimated Incoming Inf,0.068,0.017,0.153,0.3325,0.133,0.665,0.29750000000000004,0.1275,0.5950000000000001,0.206,0.0515,0.412,0.254,0.0635,0.508,1.242,0.414,2.484,5.6825,2.273,12.5015,1.264,0.632,2.844,0.5025,0.201,0.9045,0.155,0.031,0.341,0.078,0.0195,0.117,10.082,3.963000000000001,21.525
156,0090 University of South Wales Estimated Incoming Inf,0.02,0.005,0.045,0.0925,0.037000000000000005,0.185,0.0945,0.0405,0.18900000000000006,0.07,0.0175,0.14,0.182,0.0455,0.364,0.129,0.043,0.258,0.1175,0.047,0.2585,0.23399999999999999,0.11699999999999999,0.5265,0.6875,0.275,1.2375,7.5225,1.5045000000000002,16.549500000000002,0.022,0.0055000000000000005,0.033,9.1715,2.1375,19.785999999999998
157,0186 The University of Wales (central functions) Estimated Incoming Inf,0.0,0.0,0.0,0.0,0.0,0.0,0.0,0.0,0.0,0.0,0.0,0.0,0.0,0.0,0.0,0.0,0.0,0.0,0.0,0.0,0.0,0.0,0.0,0.0,0.0,0.0,0.0,0.0,0.0,0.0,0.0,0.0,0.0,0.0,0.0,0.0
158,0163 The University of Warwick Estimated Incoming Inf,0.062,0.0155,0.1395,0.3625,0.145,0.725,0.3605,0.1545,0.7210000000000001,0.462,0.1155,0.924,1.374,0.3435,2.748,0.951,0.317,1.902,1.7325,0.693,3.8115,1.034,0.517,2.3265,0.4925,0.197,0.8865,0.1825,0.0365,0.4015,0.05,0.0125,0.075,7.0635,2.5470000000000006,14.6605
159,"0081 University of the West of England, Bristol Estimated Incoming Inf",0.034,0.0085,0.0765,0.1675,0.067,0.335,0.15750000000000006,0.0675,0.3150000000000001,0.168,0.042,0.336,0.53,0.1325,1.06,0.393,0.131,0.7859999999999999,0.525,0.21,1.155,1.336,0.6679999999999999,3.0060000000000002,7.3375,2.935,13.2075,1.14,0.228,2.508,0.026,0.006500000000000001,0.039,11.8145,4.496,22.824
160,0105 The University of the West of Scotland Estimated Incoming Inf,0.01,0.0025,0.0225,0.015,0.006,0.03,0.014000000000000002,0.006,0.028000000000000004,0.008,0.002,0.016,0.008,0.002,0.016,0.021,0.007000000000000001,0.042,0.155,0.062,0.341,0.016,0.008,0.036000000000000004,0.0125,0.005,0.0225,0.005,0.001,0.011,5.742000000000001,1.4355000000000002,8.613,6.006500000000001,1.537,9.178
161,0080 The University of West London Estimated Incoming Inf,0.02,0.005,0.045,0.0575,0.023000000000000003,0.115,0.0665,0.0285,0.133,0.06,0.015,0.12,0.068,0.017,0.136,0.294,0.098,0.588,2.68,1.072,5.896,0.8340000000000001,0.417,1.8765,0.1325,0.053,0.2385,0.0425,0.0085,0.0935,0.014000000000000002,0.0035000000000000005,0.021,4.269000000000001,1.7405,9.2625
162,0083 The University of Westminster Estimated Incoming Inf,0.024,0.006,0.053999999999999986,0.0975,0.039,0.195,0.084,0.036000000000000004,0.168,0.07,0.0175,0.14,0.086,0.0215,0.172,0.606,0.202,1.212,4.3475,1.739,9.5645,0.532,0.266,1.1969999999999998,0.125,0.05,0.225,0.0325,0.006500000000000001,0.07150000000000001,0.01,0.0025,0.015,6.0145,2.386,13.014
163,0021 The University of Winchester Estimated Incoming Inf,0.01,0.0025,0.0225,0.0275,0.011,0.055,0.038500000000000006,0.0165,0.07700000000000001,0.052000000000000005,0.013,0.104,0.062,0.0155,0.124,0.27,0.09,0.54,0.2075,0.083,0.4565,1.756,0.878,3.951,0.6875,0.275,1.2375,0.035,0.007000000000000001,0.077,0.004,0.001,0.006,3.1500000000000004,1.3924999999999998,6.650499999999999
164,0085 The University of Wolverhampton Estimated Incoming Inf,0.05,0.0125,0.1125,0.14,0.056000000000000015,0.28,0.1295,0.0555,0.259,0.258,0.0645,0.516,5.9060000000000015,1.4765,11.812,0.147,0.049,0.294,0.2925,0.11699999999999999,0.6435,0.136,0.068,0.306,0.165,0.066,0.297,0.0625,0.0125,0.1375,0.016,0.004,0.024,7.3025,1.9815,14.681500000000002
165,0046 University of Worcester Estimated Incoming Inf,0.012,0.003,0.027,0.0675,0.027000000000000003,0.135,0.0665,0.0285,0.133,0.102,0.0255,0.204,2.488,0.622,4.976,0.15,0.05,0.3,0.1275,0.051,0.2805,0.17600000000000002,0.08800000000000001,0.396,0.6275,0.251,1.1295,0.1775,0.035500000000000004,0.3905,0.008,0.002,0.012,4.0025,1.1835,7.9834999999999985
166,0189 Writtle University College Estimated Incoming Inf,0.0,0.0,0.0,0.005,0.002,0.01,0.0105,0.0045,0.021,0.006,0.0015,0.012,0.008,0.002,0.016,0.243,0.081,0.486,0.0325,0.013,0.07150000000000001,0.042,0.021,0.0945,0.0125,0.005,0.0225,0.0025,0.0005,0.0055000000000000005,0.002,0.0005,0.003,0.3640000000000001,0.131,0.7419999999999999
167,0013 York St John University Estimated Incoming Inf,0.434,0.1085,0.9765,0.3075,0.123,0.615,2.3065,0.9885,4.613,0.19400000000000006,0.048500000000000015,0.3880000000000001,0.064,0.016,0.128,0.141,0.047,0.282,0.03,0.012,0.066,0.04,0.02,0.09,0.03,0.012,0.053999999999999986,0.025,0.005,0.055,0.012,0.003,0.018000000000000002,3.584,1.3834999999999995,7.2855
168,0164 The University of York Estimated Incoming Inf,0.37,0.0925,0.8325,0.865,0.34600000000000003,1.73,2.4290000000000003,1.041,4.8580000000000005,0.484,0.121,0.968,0.342,0.0855,0.684,1.002,0.334,2.004,0.675,0.27,1.485,0.71,0.355,1.5975,0.3075,0.123,0.5535,0.1225,0.0245,0.2695,0.052000000000000005,0.013,0.078,7.358999999999999,2.8055,15.06
169,Total Estimated Incoming Inf,24.036,6.009,54.081,86.8725,34.749,173.745,82.866,35.514,165.732,41.848,10.462,83.696,58.653999999999996,14.6635,117.30799999999999,82.77600000000002,27.592,165.55200000000005,148.1975,59.278999999999996,326.0345,87.87200000000001,43.93600000000001,197.712,59.73,23.892000000000003,107.514,44.285,8.857000000000003,97.427,58.373999999999995,14.5935,87.561,775.5110000000002,279.5470000000001,1576.3624999999995
