,Unnamed: 0,Total Regions,Total Regions from lower,Total Regions from upper,North East,North East from lower,North East from upper,North West,North West from lower,North West from upper,Yorkshire and The Humber,Yorkshire and The Humber from lower,Yorkshire and The Humber from upper,East Midlands,East Midlands from lower,East Midlands from upper,West Midlands,West Midlands from lower,West Midlands from upper,East of England,East of England from lower,East of England from upper,London,London from lower,London from upper,South East,South East from lower,South East from upper,South West,South West from lower,South West from upper,Wales,Wales from lower,Wales from upper,Scotland,Scotland from lower,Scotland from upper
0,0170 The University of Aberdeen Estimated Incoming Infection,54.58555553235,7.57075,99.23055557049999,0.8897777779000002,0.30250000000000005,1.8944444442,1.88066666615,1.023,2.9277777779500003,0.6644444447,0.3795,1.02222222235,0.442,0.14025,0.85,0.1386666666,0.033,0.26666666640000003,0.6759999999999999,0.28600000000000003,1.1555555557,2.2880000000000003,1.2100000000000002,3.4222222231999995,0.7077777769999999,0.385,1.2638888885,0.2600000001,0.099,0.3999999996,0.11555555559999997,0.022,0.28888888879999997,46.5226666443,3.6905,85.7388889038
1,0095 Abertay University Estimated Incoming Infection,25.150666654850003,2.31,46.24166667435001,0.12133333335000003,0.04125,0.2583333333,0.2426666666,0.132,0.3777777778,0.057777777799999985,0.033,0.0888888889,0.052000000000000005,0.0165,0.1,0.03466666665,0.00825,0.06666666660000001,0.07800000000000001,0.033,0.13333333335,0.104,0.055,0.15555555559999998,0.08088888879999999,0.044,0.14444444439999998,0.04333333335,0.0165,0.06666666660000001,0.0,0.0,0.0,24.3359999883,1.9305,44.8500000078
2,0177 Aberystwyth University Estimated Incoming Infection,24.067333332150003,8.79175,46.81944443245,0.32355555560000004,0.11,0.6888888888,4.6106666654,2.508,7.177777778199999,0.8377777780999999,0.4785,1.28888888905,1.2480000000000002,0.396,2.4,2.6808888876,0.638,5.155555550399999,1.404,0.594,2.4000000003000004,2.08,1.1,3.111111112,2.02222222,1.1,3.61111111,1.0688888893000001,0.407,1.6444444428,7.583333336249999,1.44375,18.9583333275,0.20799999989999998,0.0165,0.38333333340000003
3,0213 AECC University College Estimated Incoming Infection,1.21333333305,0.54175,2.0444444438,0.0,0.0,0.0,0.06066666665,0.033,0.09444444445,0.057777777799999985,0.033,0.0888888889,0.052000000000000005,0.0165,0.1,0.046222222199999996,0.011,0.08888888880000001,0.13,0.055,0.22222222225,0.15600000000000006,0.0825,0.23333333339999995,0.34377777740000004,0.187,0.6138888887000001,0.30333333344999996,0.1155,0.46666666619999997,0.0288888889,0.0055000000000000005,0.07222222219999999,0.03466666665,0.0027500000000000003,0.0638888889
4,0047 Anglia Ruskin University Estimated Incoming Infection,135.32422221689998,64.56174999999999,218.26111114654998,0.8493333334500001,0.2887500000000001,1.8083333331,2.6693333326,1.4520000000000002,4.1555555558,1.3577777783000002,0.7755,2.0888888891499997,4.212,1.3365,8.1,0.5777777775,0.1375,1.11111111,53.14400000000001,22.484,90.8444444558,66.664,35.255,99.71111113959999,4.6308888838,2.519,8.269444441900001,0.6500000002499999,0.2475,0.999999999,0.18777777785,0.035750000000000004,0.4694444443,0.38133333314999995,0.03025,0.7027777779000001
5,0108 Aston University Estimated Incoming Infection,46.6468888791,19.357250000000004,79.93333331325,0.5257777778500001,0.17875,1.1194444443,5.15666666525,2.805,8.02777777825,1.1844444449,0.6765000000000001,1.82222222245,4.81,1.52625,9.25,12.72266666055,3.02775,24.466666642199996,2.886,1.221,4.933333333949999,14.975999999999999,7.920000000000001,22.4000000064,2.8917777745999995,1.5730000000000002,5.163888887300001,0.88111111145,0.3355,1.3555555542,0.4044444446,0.077,1.0111111108000002,0.20799999989999998,0.0165,0.38333333340000003
6,0178 Bangor University Estimated Incoming Infection,40.7246666644,16.807999999999996,75.9916666561,0.5662222223000001,0.1925,1.2055555554000001,16.68333332875,9.075,25.97222222375,1.7044444450999998,0.9735,2.62222222255,1.456,0.462,2.8,1.5022222214999998,0.3575,2.888888886,1.716,0.726,2.9333333337000003,2.756,1.4575,4.1222222234,2.0019999978,1.089,3.5749999988999996,0.8233333336499999,0.3135,1.2666666653999998,11.2377777821,2.1395,28.0944444358,0.2773333332,0.022,0.5111111112
7,0048 Bath Spa University Estimated Incoming Infection,27.675555553699997,11.8745,46.5361110915,0.24266666670000006,0.0825,0.5166666665999999,1.6986666661999998,0.924,2.6444444446,0.4622222224,0.264,0.7111111112,0.988,0.3135,1.9,0.98222222175,0.23375,1.8888888869999998,2.08,0.88,3.5555555560000003,3.952,2.0900000000000003,5.9111111128,5.176888883199998,2.8160000000000003,9.244444441599999,10.400000003999999,3.96,15.999999984,1.5888888895,0.3025,3.9722222210000013,0.10399999994999999,0.00825,0.19166666670000002
8,0109 The University of Bath Estimated Incoming Infection,51.90755554375001,24.38425,87.01111110014999,0.8897777779000002,0.30250000000000005,1.8944444442,5.7026666651000015,3.102,8.8777777783,1.3866666672,0.792,2.1333333336,1.95,0.61875,3.75,1.44444444375,0.34375,2.777777775,5.33,2.255,9.11111111225,15.235999999999999,8.057500000000001,22.7888888954,11.627777764999998,6.325,20.7638888825,5.6766666688499985,2.1615,8.7333333246,1.9355555563,0.3685,4.8388888874,0.7279999996500001,0.05775,1.3416666669
9,0026 University of Bedfordshire Estimated Incoming Infection,61.1693333259,28.27825,101.16944445135,0.12133333335000003,0.04125,0.2583333333,1.27399999965,0.693,1.98333333345,0.3755555556999999,0.2145,0.5777777778500001,4.03,1.27875,7.75,2.53066666545,0.6022500000000001,4.8666666618,23.166,9.801,39.60000000495,23.66,12.5125,35.388888898999994,5.5408888828,3.014,9.8944444414,0.24555555565,0.0935,0.3777777774,0.08666666669999999,0.0165,0.21666666660000006,0.1386666666,0.011,0.2555555556
10,0184 Queen's University Belfast Estimated Incoming Infection,10.324888886950001,4.67775,17.247222222199998,0.6066666667500001,0.20625,1.2916666665,2.6693333326,1.4520000000000002,4.1555555558,0.43333333350000003,0.2475,0.66666666675,0.46799999999999997,0.14850000000000002,0.9,0.23111111100000006,0.055,0.444444444,0.5980000000000001,0.253,1.02222222235,2.8080000000000003,1.485,4.2000000011999985,1.0515555544,0.5720000000000001,1.8777777772,0.4044444446,0.154,0.6222222216,0.18777777785,0.035750000000000004,0.4694444443,0.86666666625,0.06875,1.5972222225
11,0127 Birkbeck College Estimated Incoming Infection,91.895555552,48.06725,139.57222225589993,0.16177777780000002,0.055,0.3444444444,0.6066666665,0.33,0.9444444445,0.3177777779,0.1815,0.48888888895000004,0.28600000000000003,0.09075,0.55,0.20799999989999998,0.0495,0.3999999996,3.25,1.375,5.55555555625,83.35600000000002,44.0825,124.67777781339998,3.235555552,1.76,5.7777777760000015,0.3177777779,0.121,0.48888888840000005,0.08666666669999999,0.0165,0.21666666660000006,0.0693333333,0.0055000000000000005,0.1277777778
12,0052 Birmingham City University Estimated Incoming Infection,76.33311108939999,27.016,137.3138888199,0.6066666667500001,0.20625,1.2916666665,6.855333331450001,3.729000000000001,10.67222222285,2.5133333343,1.4355000000000002,3.8666666671499996,8.71,2.76375,16.75,35.6835555384,8.492,68.62222215359999,3.848,1.628,6.5777777786,10.088,5.335,15.088888893199996,4.2871111063999985,2.332,7.6555555532,2.311111112,0.88,3.555555552,0.91000000035,0.17325,2.2749999993000003,0.51999999975,0.04125,0.9583333335
13,0110 The University of Birmingham Estimated Incoming Infection,116.80066664225001,51.95025,198.33888885405,1.8604444447000004,0.6325000000000001,3.9611111106,18.6853333282,10.164,29.0888888906,5.9222222245000005,3.3825,9.11111111225,10.062,3.19275,19.35,17.321777769449998,4.12225,33.3111110778,10.815999999999999,4.5760000000000005,18.4888888912,28.704,15.18,42.9333333456,14.7824444282,8.041,26.397222214099997,5.7055555577499995,2.1725,8.777777769,2.2822222231000002,0.4345000000000001,5.705555553800001,0.6586666663499999,0.05225,1.2138888891
14,0200 University College Birmingham Estimated Incoming Infection,11.0095555526,3.9105,19.7638888791,0.08088888890000001,0.0275,0.1722222222,0.90999999975,0.495,1.41666666675,0.4044444446,0.231,0.6222222223,1.222,0.38775,2.35,5.21155555305,1.24025,10.0222222122,0.494,0.209,0.8444444445500001,1.768,0.9350000000000002,2.6444444452,0.46511111060000004,0.253,0.8305555553,0.2600000001,0.099,0.3999999996,0.15888888895,0.03025,0.3972222221000001,0.03466666665,0.0027500000000000003,0.0638888889
15,0007 Bishop Grosseteste University Estimated Incoming Infection,11.942666667349998,4.608999999999999,21.688888889350004,0.08088888890000001,0.0275,0.1722222222,0.30333333325,0.165,0.4722222222499999,2.3400000009,1.3365,3.600000000450001,7.8,2.475,15.0,0.0693333333,0.0165,0.13333333320000001,1.0659999999999998,0.451,1.82222222245,0.104,0.055,0.15555555559999998,0.1213333332,0.066,0.21666666660000006,0.0288888889,0.011,0.044444444400000005,0.0288888889,0.0055000000000000005,0.07222222219999999,0.0,0.0,0.0
16,0049 The University of Bolton Estimated Incoming Infection,69.10799998315,37.144250000000014,108.36388889435,0.28311111115000004,0.09625,0.6027777777000001,63.51799998255,34.551,98.88333333915001,2.4266666675999997,1.386,3.733333333800001,0.5720000000000001,0.1815,1.1,0.28888888875,0.06875,0.555555555,0.364,0.154,0.6222222223,0.78,0.4125,1.166666667,0.303333333,0.165,0.5416666665000001,0.18777777785,0.07150000000000001,0.2888888886,0.24555555565,0.04675,0.6138888887000001,0.1386666666,0.011,0.2555555556
17,0197 The Arts University Bournemouth Estimated Incoming Infection,13.0317777742,6.20675,21.599999995450002,0.12133333335000003,0.04125,0.2583333333,0.54599999985,0.29700000000000004,0.8500000000500001,0.2022222223,0.1155,0.31111111115,0.442,0.14025,0.85,0.3004444443,0.07150000000000001,0.5777777772,1.17,0.495,2.00000000025,3.7439999999999998,1.98,5.600000001599999,3.9231111068,2.134,7.005555553400002,2.3544444453499995,0.8965000000000001,3.6222222186,0.15888888895,0.03025,0.3972222221000001,0.0693333333,0.0055000000000000005,0.1277777778
18,0050 Bournemouth University Estimated Incoming Infection,63.561333315249996,30.417749999999995,104.6499999719,0.24266666670000006,0.0825,0.5166666665999999,1.51666666625,0.825,2.36111111125,0.5200000001999999,0.29700000000000004,0.8000000001,1.0659999999999998,0.33825000000000005,2.05,0.84355555515,0.20075,1.6222222206,5.07,2.145,8.66666666775,17.264,9.13,25.8222222296,21.2535555322,11.561,37.952777766100006,15.022222228,5.72,23.111111088,0.5200000001999999,0.099,1.2999999996000002,0.24266666655,0.01925,0.4472222223
19,0111 The University of Bradford Estimated Incoming Infection,50.119333342299996,27.5385,78.41944445145,0.6471111112000001,0.22,1.3777777776,11.951333330050002,6.501,18.60555555665,33.193333346100005,18.9585,51.06666667305,0.8059999999999999,0.25575000000000003,1.55,0.34666666650000005,0.0825,0.666666666,0.546,0.231,0.93333333345,1.82,0.9625,2.722222223,0.4448888884,0.242,0.7944444442000002,0.1444444445,0.055,0.222222222,0.11555555559999997,0.022,0.28888888879999997,0.10399999994999999,0.00825,0.19166666670000002
20,0051 The University of Brighton Estimated Incoming Infection,92.34044440285,46.76925,154.29999998755,1.2942222224000002,0.44,2.7555555552,2.8513333325500003,1.551,4.43888888915,1.2422222227,0.7095,1.91111111135,2.028,0.6435000000000001,3.9,0.84355555515,0.20075,1.6222222206,8.866,3.751,15.15555555745,32.292,17.0775,48.300000013799995,38.543555513200005,20.966,68.82777775660001,3.39444444575,1.2925,5.222222217,0.5344444446500001,0.10175,1.3361111106999999,0.45066666645000003,0.035750000000000004,0.8305555557
21,0337 The University College of Osteopathy Estimated Incoming Infection,3.0882222218,1.58675,4.8388888896,0.0,0.0,0.0,0.06066666665,0.033,0.09444444445,0.0288888889,0.0165,0.04444444445,0.052000000000000005,0.0165,0.1,0.023111111099999998,0.0055000000000000005,0.044444444400000005,0.26,0.11,0.4444444445,2.236,1.1825,3.3444444453999997,0.3842222218,0.209,0.6861111109000001,0.0288888889,0.011,0.044444444400000005,0.014444444449999996,0.0027500000000000003,0.036111111099999996,0.0,0.0,0.0
22,0112 The University of Bristol Estimated Incoming Infection,102.57577776195,48.507250000000006,168.9111110941,1.7795555558000005,0.6050000000000001,3.7888888884,11.829999996749999,6.435,18.41666666775,3.2644444457,1.8645000000000005,5.022222222850001,3.77,1.19625,7.25,2.6577777765,0.6325,5.111111106,7.54,3.19,12.888888890500002,37.7,19.937500000000004,56.388888905,16.663111092799998,9.064,29.755555546400004,12.7400000049,4.851,19.5999999804,3.27888889015,0.62425,8.1972222197,1.35199999935,0.10725,2.4916666671
23,0113 Brunel University London Estimated Incoming Infection,83.94822221475,43.46375000000001,129.56111113549994,0.20222222225000006,0.06875,0.4305555555,1.4559999996000001,0.792,2.2666666668,0.43333333350000003,0.2475,0.66666666675,0.728,0.231,1.4,0.45066666645,0.10725,0.8666666658,4.342,1.837,7.42222222315,68.38,36.1625,102.27777780699999,6.713777770399999,3.652,11.988888885200002,0.7800000002999999,0.297,1.1999999987999999,0.288888889,0.055,0.7222222220000001,0.17333333324999994,0.01375,0.3194444445
24,0009 Buckinghamshire New University Estimated Incoming Infection,68.08533331800001,34.399750000000004,109.2833333393,0.4853333334000001,0.165,1.0333333332,6.00599999835,3.267,9.350000000549999,1.2422222227,0.7095,1.91111111135,1.664,0.528,3.2,1.8026666658,0.429,3.4666666632,5.72,2.42,9.777777779,37.232,19.69,55.688888904799995,12.436666653,6.765,22.2083333265,0.9244444448,0.35200000000000004,1.4222222208000002,0.2600000001,0.0495,0.6499999998000001,0.31199999985,0.02475,0.5750000001
25,0203 The University of Buckingham Estimated Incoming Infection,12.514666663049994,6.0912500000000005,20.730555555300004,0.12133333335000003,0.04125,0.2583333333,0.6066666665,0.33,0.9444444445,0.3177777779,0.1815,0.48888888895000004,0.6759999999999999,0.2145,1.3,0.3004444443,0.07150000000000001,0.5777777772,1.846,0.7809999999999999,3.1555555559500004,4.888,2.585,7.311111113200001,3.1951111075999994,1.7380000000000002,5.705555553800001,0.3177777779,0.121,0.48888888840000005,0.07222222225,0.01375,0.1805555555,0.17333333324999994,0.01375,0.3194444445
26,0114 The University of Cambridge Estimated Incoming Infection,85.30022220955,40.843,139.81666667215003,2.6288888892500006,0.8937500000000002,5.5972222215,10.61666666375,5.775,16.52777777875,4.102222223799998,2.343,6.311111111900001,3.51,1.11375,6.75,1.5599999992500002,0.37125,2.999999997,13.468,5.698,23.022222225100002,33.488,17.71,50.088888903199994,10.272888877599998,5.587999999999999,18.3444444388,2.6722222232499995,1.0175,4.111111107,0.8666666670000001,0.165,2.166666666,2.11466666565,0.16774999999999998,3.8972222229000004
27,0188 The Institute of Cancer Research Estimated Incoming Infection,1.83155555535,0.9515,2.8388888894,0.0,0.0,0.0,0.06066666665,0.033,0.09444444445,0.0,0.0,0.0,0.026,0.00825,0.05,0.0,0.0,0.0,0.07800000000000001,0.033,0.13333333335,1.456,0.77,2.1777777784,0.1819999998,0.099,0.3249999999000001,0.014444444449999996,0.0055000000000000005,0.022222222200000002,0.014444444449999996,0.0027500000000000003,0.036111111099999996,0.0,0.0,0.0
28,0012 Canterbury Christ Church University Estimated Incoming Infection,72.86933329345,38.14250000000001,121.39166665905,0.20222222225000006,0.06875,0.4305555555,0.9706666664,0.528,1.5111111112,0.288888889,0.165,0.4444444445,0.52,0.165,1.0,0.18488888879999998,0.044,0.35555555520000004,5.746,2.431,9.822222223450002,28.08,14.85,42.000000012,36.2179999602,19.701,64.67499998010001,0.41888888905,0.1595,0.6444444437999999,0.10111111115,0.01925,0.25277777770000004,0.1386666666,0.011,0.2555555556
29,0179 Cardiff University Estimated Incoming Infection,89.32155555535,32.98074999999999,173.25833328445003,0.7280000001000001,0.24750000000000005,1.5499999997999998,7.46199999795,4.059,11.61666666735,1.7044444450999998,0.9735,2.62222222255,2.6,0.825,5.0,3.6284444427,0.8634999999999999,6.9777777708,3.77,1.595,6.444444445250001,13.468,7.122500000000001,20.144444450199998,12.2951110976,6.688,21.955555548800007,12.35000000475,4.7025,18.999999981,30.795555567399997,5.863,76.98888886520001,0.51999999975,0.04125,0.9583333335
30,0089 Cardiff Metropolitan University Estimated Incoming Infection,30.41133333855,8.932,65.0444444222,0.20222222225000006,0.06875,0.4305555555,1.8199999995,0.99,2.8333333335,0.4622222224,0.264,0.7111111112,0.5980000000000001,0.18975,1.15,1.09777777725,0.26125,2.111111109,0.78,0.33,1.3333333335,1.404,0.7425,2.1000000006,2.02222222,1.1,3.61111111,4.3044444461,1.639,6.622222215599999,17.4777777845,3.3275,43.694444431,0.24266666655,0.01925,0.4472222223
31,0053 The University of Central Lancashire Estimated Incoming Infection,210.90911105860002,112.90950000000002,331.3611111271499,1.8200000002500003,0.61875,3.8749999995,192.61666661375,104.775,299.86111112875,5.2577777798000005,3.003,8.0888888899,1.69,0.53625,3.25,1.09777777725,0.26125,2.111111109,1.508,0.638,2.5777777781,3.692,1.9525000000000003,5.522222223799999,1.3346666652,0.726,2.3833333326000004,0.6066666668999999,0.231,0.9333333323999999,0.59222222245,0.11275,1.4805555550999998,0.6933333329999999,0.055,1.277777778
32,0011 University of Chester Estimated Incoming Infection,104.79444442145001,52.99249999999999,171.11666666275,1.2133333335000005,0.4125,2.583333333,84.26599997685,45.837,131.18333334105,2.9177777789,1.6665,4.48888888945,1.8719999999999999,0.5940000000000001,3.6,4.00977777585,0.95425,7.711111103399999,1.274,0.539,2.1777777780500003,2.184,1.1550000000000002,3.2666666676,1.1526666654,0.627,2.0583333327,0.577777778,0.22,0.888888888,5.0844444464,0.968,12.711111107200002,0.24266666655,0.01925,0.4472222223
33,0082 The University of Chichester Estimated Incoming Infection,22.7384444287,11.58575,39.3916666583,0.16177777780000002,0.055,0.3444444444,0.7279999998000001,0.396,1.1333333334,0.288888889,0.165,0.4444444445,0.754,0.23925,1.45,0.26577777765,0.06325,0.5111111106,1.508,0.638,2.5777777781,3.2239999999999998,1.705,4.822222223599999,14.5195555396,7.898,25.92777776980001,1.0111111115,0.385,1.555555554,0.17333333339999998,0.033,0.4333333332000001,0.10399999994999999,0.00825,0.19166666670000002
34,"0115 City, University of London Estimated Incoming Infection",108.6193333282,56.298,166.02222225970004,0.28311111115000004,0.09625,0.6027777777000001,1.9413333328,1.056,3.0222222224,0.4622222224,0.264,0.7111111112,0.754,0.23925,1.45,0.3928888887,0.0935,0.7555555547999999,5.356,2.266,9.1555555567,93.912,49.665,140.4666667068,4.266888884199998,2.321,7.619444442100001,0.59222222245,0.2255,0.9111111102,0.17333333339999998,0.033,0.4333333332000001,0.4853333331,0.0385,0.8944444445999999
35,0199 Conservatoire for Dance and Drama Estimated Incoming Infection,6.078222221450001,2.8847499999999995,9.988888889050004,0.28311111115000004,0.09625,0.6027777777000001,0.7886666664499999,0.429,1.2277777778499999,0.4622222224,0.264,0.7111111112,0.23399999999999999,0.07425000000000001,0.45,0.11555555550000003,0.0275,0.222222222,0.416,0.17600000000000002,0.7111111112,2.444,1.2925,3.6555555566000004,0.6875555548000001,0.374,1.2277777774000005,0.288888889,0.11,0.444444444,0.11555555559999997,0.022,0.28888888879999997,0.24266666655,0.01925,0.4472222223
36,0201 Courtauld Institute of Art Estimated Incoming Infection,2.03377777755,1.03125,3.19166666695,0.0,0.0,0.0,0.18199999995000002,0.099,0.28333333335,0.0288888889,0.0165,0.04444444445,0.052000000000000005,0.0165,0.1,0.023111111099999998,0.0055000000000000005,0.044444444400000005,0.13,0.055,0.22222222225,1.3,0.6875,1.944444445,0.202222222,0.11,0.361111111,0.10111111115,0.0385,0.1555555554,0.014444444449999996,0.0027500000000000003,0.036111111099999996,0.0,0.0,0.0
37,0056 Coventry University Estimated Incoming Infection,105.38377775925,45.60874999999999,177.7083333024,0.7684444445500002,0.26125000000000004,1.6361111108999995,5.823999998400001,3.168,9.0666666672,4.3622222239,2.4915000000000003,6.71111111195,10.296,3.267,19.8,23.353777766550003,5.55775,44.9111110662,7.774,3.289,13.288888890550004,42.9,22.6875,64.166666685,7.5428888806,4.103,13.469444440300002,1.6755555561999995,0.638,2.5777777751999995,0.6788888891500001,0.12925,1.6972222217,0.20799999989999998,0.0165,0.38333333340000003
38,0002 Cranfield University Estimated Incoming Infection,12.81222222,5.88225,21.26388888635,0.24266666670000006,0.0825,0.5166666665999999,1.4559999996000001,0.792,2.2666666668,0.43333333350000003,0.2475,0.66666666675,0.728,0.231,1.4,0.34666666650000005,0.0825,0.666666666,1.716,0.726,2.9333333337000003,3.432,1.8150000000000004,5.1333333348000005,2.1839999976,1.188,3.8999999988,1.71888888955,0.6545000000000001,2.6444444418,0.17333333339999998,0.033,0.4333333332000001,0.38133333314999995,0.03025,0.7027777779000001
39,0206 University for the Creative Arts Estimated Incoming Infection,21.909333324650003,11.112750000000002,36.1722222208,0.12133333335000003,0.04125,0.2583333333,0.90999999975,0.495,1.41666666675,0.3755555556999999,0.2145,0.5777777778500001,0.52,0.165,1.0,0.3004444443,0.07150000000000001,0.5777777772,1.768,0.748,3.0222222226000004,9.152,4.840000000000002,13.688888892799998,7.866444435799999,4.279,14.0472222179,0.5633333335499999,0.2145,0.8666666658,0.15888888895,0.03025,0.3972222221000001,0.17333333324999994,0.01375,0.3194444445
40,0038 University of Cumbria Estimated Incoming Infection,60.30555554295,31.19875,96.26111111654998,3.0737777782000006,1.0450000000000002,6.544444443599999,46.167333320649995,25.113000000000003,71.87222222644999,1.7622222229,1.0065,2.7111111114499997,0.6759999999999999,0.2145,1.3,0.23111111100000006,0.055,0.444444444,0.546,0.231,0.93333333345,5.772,3.0525,8.6333333358,0.46511111060000004,0.253,0.8305555553,0.27444444455,0.1045,0.4222222218,0.15888888895,0.03025,0.3972222221000001,1.1786666661,0.0935,2.1722222226
41,0068 De Montfort University Estimated Incoming Infection,97.82933332489999,40.3535,171.05277777515,0.9302222223500002,0.31625000000000003,1.9805555553,6.733999998150001,3.663,10.48333333395,3.3800000013,1.9305,5.20000000065,39.52,12.54,76.0,5.9742222193500005,1.42175,11.4888888774,9.282,3.927,15.86666666865,25.012000000000004,13.2275,37.4111111218,5.136444438799999,2.794,9.1722222194,1.08333333375,0.4125,1.666666665,0.5344444446500001,0.10175,1.3361111106999999,0.24266666655,0.01925,0.4472222223
42,0057 University of Derby Estimated Incoming Infection,74.26755555124998,27.54125,135.75555554545002,0.9302222223500002,0.31625000000000003,1.9805555553,6.12733333165,3.333,9.53888888945,5.431111113200001,3.102,8.355555556599999,44.512,14.124,85.6,6.008888885999999,1.43,11.555555544,3.952,1.672,6.755555556400001,3.952,2.0900000000000003,5.9111111128,2.0424444422,1.111,3.6472222211,0.7366666669499999,0.2805,1.1333333322,0.33222222235,0.06325,0.8305555553,0.24266666655,0.01925,0.4472222223
43,0172 The University of Dundee Estimated Incoming Infection,67.0539999706,8.45625,122.3916666855,1.1728888890500002,0.39875,2.4972222218999995,2.48733333265,1.3530000000000002,3.87222222245,0.6066666668999999,0.3465,0.93333333345,0.364,0.1155,0.7,0.1617777777,0.0385,0.3111111108,0.5720000000000001,0.242,0.9777777779000001,1.6119999999999999,0.8525,2.4111111117999995,0.606666666,0.33,1.083333333,0.17333333339999998,0.066,0.26666666640000003,0.08666666669999999,0.0165,0.21666666660000006,59.210666638199996,4.697,109.1222222412
44,0116 University of Durham Estimated Incoming Infection,82.11666665694999,37.82625,141.85555555195,16.096888891099997,5.4725,34.2722222178,14.984666662550001,8.151,23.32777777915,6.5577777803,3.7455,10.08888889015,3.4840000000000004,1.1055,6.7,1.49066666595,0.35475,2.8666666638,6.89,2.915,11.77777777925,18.928,10.010000000000002,28.3111111192,9.09999999,4.95,16.249999995000003,2.23888888975,0.8525,3.4444444410000004,0.7511111113999999,0.14300000000000002,1.8777777772,1.5946666659,0.1265,2.9388888894
45,0117 The University of East Anglia Estimated Incoming Infection,78.45933332530002,36.00575,131.00833334355002,0.9302222223500002,0.31625000000000003,1.9805555553,2.7906666659,1.518,4.344444444700001,1.6755555561999995,0.957,2.5777777781,3.458,1.09725,6.65,0.68177777745,0.16225,1.3111111098,39.858,16.863,68.13333334185,20.02,10.5875,29.944444453000003,7.360888880799999,4.004,13.144444440400006,1.1266666671,0.429,1.7333333316,0.24555555565,0.04675,0.6138888887000001,0.31199999985,0.02475,0.5750000001
46,0058 The University of East London Estimated Incoming Infection,100.81933332990002,52.28025000000001,153.87222225809998,0.28311111115000004,0.09625,0.6027777777000001,1.75933333285,0.957,2.7388888890499996,0.5200000001999999,0.29700000000000004,0.8000000001,0.728,0.231,1.4,0.35822222205000004,0.08525,0.6888888881999999,5.694,2.4090000000000003,9.733333334550002,87.77600000000002,46.42,131.2888889264,2.8715555523999994,1.5619999999999998,5.1277777762,0.4622222224,0.17600000000000002,0.7111111104000001,0.15888888895,0.03025,0.3972222221000001,0.20799999989999998,0.0165,0.38333333340000003
47,0016 Edge Hill University Estimated Incoming Infection,136.82644440965004,73.22975,215.33333334255002,0.9302222223500002,0.31625000000000003,1.9805555553,128.06733329815,69.663,199.37222223395,2.4555555565000002,1.4025,3.77777777825,1.0659999999999998,0.33825000000000005,2.05,0.95911111065,0.22825,1.8444444426,0.5980000000000001,0.253,1.02222222235,0.8320000000000001,0.44,1.2444444447999998,0.5459999994,0.297,0.9749999997,0.2600000001,0.099,0.3999999996,0.93888888925,0.17875,2.3472222215,0.17333333324999994,0.01375,0.3194444445
48,0107 Edinburgh Napier University Estimated Incoming Infection,66.23066663645001,6.65225,121.7972222419,1.09200000015,0.37125,2.3249999997,0.9706666664,0.528,1.5111111112,0.3466666668,0.198,0.5333333334,0.182,0.05775,0.35,0.08088888885000001,0.01925,0.1555555554,0.208,0.08800000000000001,0.3555555556,0.52,0.275,0.7777777779999999,0.202222222,0.11,0.361111111,0.10111111115,0.0385,0.1555555554,0.057777777799999985,0.011,0.14444444439999998,62.4693333033,4.9555,115.12777779780001
49,0167 The University of Edinburgh Estimated Incoming Infection,129.02644440265,33.9955,226.0472222465,3.8017777783,1.2925,8.094444443399999,11.647999996800001,6.336,18.1333333344,4.5644444462000004,2.607,7.022222223099999,2.236,0.7095,4.3,0.8088888885,0.1925,1.555555554,4.1080000000000005,1.7380000000000002,7.022222223099999,20.54,10.8625,30.722222231,6.4913333262,3.531,11.591666663100002,2.38333333425,0.9075,3.666666663,0.6500000002499999,0.12375,1.6249999995000002,71.79466663215,5.69525,132.3138889119
50,0118 The University of Essex Estimated Incoming Infection,71.43644443859999,34.77375,114.60000001565001,0.4044444445000001,0.1375,0.8611111109999999,1.9413333328,1.056,3.0222222224,0.8088888892,0.462,1.2444444446,1.3,0.4125,2.5,0.6008888886,0.14300000000000002,1.1555555544,21.97,9.295,37.555555560250006,37.908,20.047500000000007,56.700000016199986,5.197111105399999,2.827,9.2805555527,0.88111111145,0.3355,1.3555555542,0.21666666675000001,0.04125,0.5416666665000001,0.20799999989999998,0.0165,0.38333333340000003
51,0119 The University of Exeter Estimated Incoming Infection,82.24666665169998,37.8785,136.37499997125,0.5662222223000001,0.1925,1.2055555554000001,4.54999999875,2.475,7.08333333375,1.5022222227999995,0.858,2.3111111114000003,2.522,0.80025,4.85,2.3457777766500003,0.55825,4.5111111066000005,8.008000000000001,3.388,13.6888888906,24.336,12.87,36.40000001039999,18.139333313399998,9.867,32.391666656700004,16.553333339699993,6.303,25.4666666412,2.44111111205,0.46475,6.1027777759,1.28266666605,0.10175,2.3638888893
52,0017 Falmouth University Estimated Incoming Infection,24.84444444125,11.34375,40.95277776795,0.32355555560000004,0.11,0.6888888888,2.3053333327,1.254,3.5888888891,0.6933333335999999,0.396,1.0666666668,1.144,0.363,2.2,0.9128888884499999,0.21725000000000005,1.7555555537999998,2.366,1.001,4.04444444495,6.3439999999999985,3.355,9.488888891599998,4.3073333286,2.343,7.6916666643,5.77777778,2.2,8.88888888,0.4622222224,0.08800000000000001,1.1555555551999999,0.20799999989999998,0.0165,0.38333333340000003
53,0229 The National Film and Television School Estimated Incoming Infection,1.3317777776000002,0.6627500000000001,2.10000000025,0.0,0.0,0.0,0.06066666665,0.033,0.09444444445,0.0288888889,0.0165,0.04444444445,0.052000000000000005,0.0165,0.1,0.023111111099999998,0.0055000000000000005,0.044444444400000005,0.07800000000000001,0.033,0.13333333335,0.884,0.4675000000000001,1.3222222226,0.14155555539999998,0.077,0.25277777770000004,0.0288888889,0.011,0.044444444400000005,0.0,0.0,0.0,0.03466666665,0.0027500000000000003,0.0638888889
54,0106 Glasgow Caledonian University Estimated Incoming Infection,99.06866662015,9.1575,181.9027778087,0.16177777780000002,0.055,0.3444444444,0.7279999998000001,0.396,1.1333333334,0.2022222223,0.1155,0.31111111115,0.104,0.033,0.2,0.057777777750000016,0.01375,0.111111111,0.23399999999999999,0.099,0.40000000005,1.1960000000000002,0.6325000000000001,1.7888888894,0.28311111079999995,0.154,0.5055555554000001,0.10111111115,0.0385,0.1555555554,0.04333333335,0.00825,0.1083333333,95.95733328719999,7.612,176.8444444752
55,0097 Glasgow School of Art Estimated Incoming Infection,9.9002222188,2.2357500000000003,17.505555557799998,0.24266666670000006,0.0825,0.5166666665999999,0.7886666664499999,0.429,1.2277777778499999,0.288888889,0.165,0.4444444445,0.13,0.04125,0.25,0.046222222199999996,0.011,0.08888888880000001,0.23399999999999999,0.099,0.40000000005,1.3,0.6875,1.944444445,0.28311111079999995,0.154,0.5055555554000001,0.13000000004999998,0.0495,0.1999999998,0.04333333335,0.00825,0.1083333333,6.4133333302499995,0.50875,11.8194444465
56,0168 The University of Glasgow Estimated Incoming Infection,139.1404443859,20.559,252.31388892610002,2.8311111115000007,0.9625,6.027777777000001,7.583333331249999,4.125,11.80555555625,1.9066666674000001,1.089,2.9333333337000003,0.728,0.231,1.4,0.36977777759999997,0.08800000000000001,0.7111111104000001,1.4820000000000002,0.627,2.5333333336500004,5.564,2.9425,8.322222224599999,1.8402222202,1.001,3.2861111101000007,0.6500000002499999,0.2475,0.999999999,0.2600000001,0.0495,0.6499999998000001,115.9253332776,9.196,213.6444444816
57,0054 University of Gloucestershire Estimated Incoming Infection,26.99955555585,10.8515,45.71388886505001,0.24266666670000006,0.0825,0.5166666665999999,1.51666666625,0.825,2.36111111125,0.5488888891,0.3135,0.8444444445500001,1.3,0.4125,2.5,2.2417777767,0.5335,4.3111111067999985,1.846,0.7809999999999999,3.1555555559500004,2.4960000000000004,1.32,3.7333333343999993,3.2557777742000003,1.771,5.8138888871,11.786666671199999,4.488,18.1333333152,1.6611111117500001,0.31625,4.1527777765,0.10399999994999999,0.00825,0.19166666670000002
58,0087 Glyndŵr University Estimated Incoming Infection,19.968000001950003,6.6055,41.91111110165001,0.08088888890000001,0.0275,0.1722222222,6.733999998150001,3.663,10.48333333395,0.1444444445,0.0825,0.22222222225,0.104,0.033,0.2,0.924444444,0.22,1.777777776,0.13,0.055,0.22222222225,0.6759999999999999,0.3575,1.0111111114,0.08088888879999999,0.044,0.14444444439999998,0.057777777799999985,0.022,0.08888888880000001,11.0355555598,2.101,27.588888880400013,0.0,0.0,0.0
59,0131 Goldsmiths College Estimated Incoming Infection,63.50355555139999,32.62325000000001,98.02777779555001,0.4448888889500001,0.15125000000000002,0.9472222221,2.48733333265,1.3530000000000002,3.87222222245,0.7511111113999999,0.429,1.1555555557,0.8320000000000001,0.264,1.6,0.45066666645,0.10725,0.8666666658,2.8080000000000003,1.188,4.800000000600002,50.44,26.675,75.44444446600001,3.5995555515999995,1.958,6.4277777758,1.1266666671,0.429,1.7333333316,0.21666666675000001,0.04125,0.5416666665000001,0.34666666649999994,0.0275,0.638888889
60,0336 Gower College Swansea Estimated Incoming Infection,0.36111111125,0.06875,0.9027777775,0.0,0.0,0.0,0.0,0.0,0.0,0.0,0.0,0.0,0.0,0.0,0.0,0.0,0.0,0.0,0.0,0.0,0.0,0.0,0.0,0.0,0.0,0.0,0.0,0.0,0.0,0.0,0.36111111125,0.06875,0.9027777775,0.0,0.0,0.0
61,0059 The University of Greenwich Estimated Incoming Infection,110.09555554239999,57.20550000000001,170.59166669709998,0.3640000000500001,0.12375,0.7749999998999999,1.39533333295,0.759,2.1722222223500003,0.7222222225,0.4125,1.11111111125,0.858,0.27225,1.65,0.31199999985000004,0.07425,0.5999999993999999,6.24,2.64,10.666666668,87.152,46.09,130.35555559280002,11.991777764599998,6.523,21.413888882300004,0.6933333335999999,0.264,1.0666666656000001,0.15888888895,0.03025,0.3972222221000001,0.20799999989999998,0.0165,0.38333333340000003
62,0208 Guildhall School of Music and Drama Estimated Incoming Infection,4.890888888250001,2.37325,7.85000000065,0.040444444450000006,0.01375,0.0861111111,0.36399999990000004,0.198,0.5666666667,0.2600000001,0.14850000000000002,0.40000000005,0.13,0.04125,0.25,0.057777777750000016,0.01375,0.111111111,0.46799999999999997,0.198,0.8000000001,2.6,1.375,3.88888889,0.5459999994,0.297,0.9749999997,0.15888888895,0.0605,0.24444444420000003,0.057777777799999985,0.011,0.14444444439999998,0.20799999989999998,0.0165,0.38333333340000003
63,0018 Harper Adams University Estimated Incoming Infection,22.89733333,9.41325,40.052777773049996,0.9302222223500002,0.31625000000000003,1.9805555553,4.4893333321,2.4419999999999997,6.988888889299999,2.2822222231000002,1.3035,3.5111111115499996,3.016,0.957,5.8,1.4559999993000001,0.3465,2.7999999972000005,3.068,1.298,5.2444444451,1.1960000000000002,0.6325000000000001,1.7888888894,2.2648888864,1.232,4.0444444432000015,1.4877777783500001,0.5665,2.2888888866,0.93888888925,0.17875,2.3472222215,1.76799999915,0.14025,3.2583333339
64,0352 Hartpury University Estimated Incoming Infection,6.1302222215499995,2.508,10.64166666245,0.12133333335000003,0.04125,0.2583333333,0.4853333332,0.264,0.7555555556,0.2022222223,0.1155,0.31111111115,0.39,0.12375,0.75,0.5546666664,0.132,1.0666666656000001,0.416,0.17600000000000002,0.7111111112,0.6240000000000001,0.33,0.9333333335999998,1.0515555544,0.5720000000000001,1.8777777772,1.7333333340000001,0.66,2.666666664,0.44777777795,0.08525,1.1194444441000002,0.10399999994999999,0.00825,0.19166666670000002
65,0171 Heriot-Watt University Estimated Incoming Infection,44.42244442609999,6.8805,80.5694444559,1.1728888890500002,0.39875,2.4972222218999995,2.6086666659500004,1.419,4.06111111135,0.7222222225,0.4125,1.11111111125,0.3120000000000001,0.099,0.6,0.15022222215,0.035750000000000004,0.2888888886,0.728,0.308,1.2444444446,1.664,0.88,2.4888888896,0.6875555548000001,0.374,1.2277777774000005,0.18777777785,0.07150000000000001,0.2888888886,0.10111111115,0.01925,0.25277777770000004,36.08799998265,2.86275,66.5083333449
66,0060 University of Hertfordshire Estimated Incoming Infection,130.34955554664998,63.51675,208.375000033,0.5662222223000001,0.1925,1.2055555554000001,2.426666666,1.32,3.777777778,0.8666666670000001,0.495,1.3333333335,2.652,0.8415,5.1,0.7048888885500001,0.16774999999999998,1.3555555542,40.976000000000006,17.336,70.0444444532,72.8,38.50000000000001,108.88888892,7.7855555469999995,4.235,13.902777773500002,0.9244444448,0.35200000000000004,1.4222222208000002,0.2311111112,0.044,0.5777777775999999,0.41599999979999996,0.033,0.7666666668000001
67,0061 The University of Huddersfield Estimated Incoming Infection,91.54022223485,50.038999999999994,143.7138889008,1.4155555557500004,0.4812500000000001,3.0138888885000004,28.33133332555,15.411,44.105555558149995,55.0044444656,31.416000000000004,84.62222223280001,1.82,0.5775,3.5,0.5546666664,0.132,1.0666666656000001,1.118,0.473,1.91111111135,1.924,1.0175,2.8777777786,0.7077777769999999,0.385,1.2638888885,0.2022222223,0.077,0.3111111108,0.288888889,0.055,0.7222222220000001,0.17333333324999994,0.01375,0.3194444445
68,0120 The University of Hull Estimated Incoming Infection,83.0526666828,43.868,133.16666667665004,3.5186666671500006,1.19625,7.491666665699999,9.40333333075,5.115,14.63888888975,53.1844444649,30.3765,81.82222223245,4.9140000000000015,1.55925,9.45,0.7973333329500001,0.18975,1.5333333318000002,2.8340000000000005,1.199,4.8444444450500015,5.772,3.0525,8.6333333358,1.7795555535999998,0.968,3.1777777768000006,0.4044444446,0.154,0.6222222216,0.2022222223,0.0385,0.5055555554000001,0.24266666655,0.01925,0.4472222223
69,"0132 Imperial College of Science, Technology and Medicine Estimated Incoming Infection",64.02066665849999,31.765250000000005,101.9722222326,1.0515555557000005,0.3575,2.2388888886,5.763333331749999,3.135,8.97222222275,1.7911111118,1.023,2.7555555559000005,1.638,0.51975,3.15,0.93599999955,0.22275,1.7999999982,4.342,1.837,7.42222222315,38.532,20.3775,57.6333333498,6.450888881799999,3.509,11.5194444409,1.4300000005499998,0.5445,2.1999999978,0.6644444447,0.1265,1.6611111106,1.42133333265,0.11275,2.6194444449
70,0121 Keele University Estimated Incoming Infection,50.2522222111,22.352,84.94999998309999,0.9706666668,0.33,2.0666666664,16.7439999954,9.107999999999999,26.066666668200003,2.5133333343,1.4355000000000002,3.8666666671499996,3.1460000000000004,0.99825,6.05,10.157333328450001,2.41725,19.5333333138,2.99,1.265,5.1111111117500005,8.84,4.675000000000002,13.222222226,2.9524444411999995,1.606,5.272222220600002,0.93888888925,0.3575,1.444444443,0.7222222225,0.1375,1.805555555,0.2773333332,0.022,0.5111111112
71,0122 The University of Kent Estimated Incoming Infection,90.56088886444999,46.14225,146.10000000824996,0.4853333334000001,0.165,1.0333333332,2.426666666,1.32,3.777777778,0.8088888892,0.462,1.2444444446,1.69,0.53625,3.25,0.6471111108000001,0.154,1.2444444432,10.946000000000002,4.631,18.71111111345,49.66,26.2625,74.27777779899999,22.1635555312,12.056,39.5777777656,1.28555555605,0.4895000000000001,1.9777777758000001,0.27444444455,0.05225,0.6861111109000001,0.17333333324999994,0.01375,0.3194444445
72,0134 King's College London Estimated Incoming Infection,153.8131110958,78.37775,240.2527778137,1.5368888891000003,0.5225000000000001,3.2722222217999994,7.09799999805,3.861,11.05000000065,2.311111112,1.32,3.5555555560000003,2.444,0.7755,4.7,1.4791111103999999,0.35200000000000004,2.8444444416000003,8.918000000000003,3.773,15.24444444635,112.112,59.290000000000006,167.6888889368,13.2253333188,7.194,23.616666659400007,2.7733333344,1.056,4.2666666624000005,0.7366666669499999,0.14025,1.8416666661000003,1.1786666661,0.0935,2.1722222226
73,0063 Kingston University Estimated Incoming Infection,107.8797777657,56.00375,167.11388891679997,0.7684444445500002,0.26125000000000004,1.6361111108999995,2.24466666605,1.2209999999999999,3.4944444446499996,0.9533333337000001,0.5445,1.46666666685,0.91,0.28875,1.75,0.4622222220000001,0.11,0.888888888,3.64,1.54,6.222222222999999,85.59200000000001,45.265,128.02222225879999,11.223333320999998,6.105,20.0416666605,1.54555555615,0.5885,2.3777777754,0.33222222235,0.06325,0.8305555553,0.20799999989999998,0.0165,0.38333333340000003
74,0123 The University of Lancaster Estimated Incoming Infection,77.47422220640001,39.72925000000001,124.81111111305,2.1435555558500003,0.72875,4.5638888883,53.0226666521,28.842,82.54444444929999,4.7955555574,2.7390000000000003,7.3777777787,2.1319999999999997,0.6765000000000001,4.1,1.49066666595,0.35475,2.8666666638,2.6260000000000003,1.111,4.48888888945,5.98,3.1625,8.944444447,2.8311111079999995,1.54,5.055555554000001,0.91000000035,0.3465,1.3999999986000002,0.9533333337000001,0.1815,2.3833333326000004,0.58933333305,0.04675,1.0861111113
75,0211 Leeds Arts University Estimated Incoming Infection,11.535333332999999,5.753000000000001,19.0166666671,0.9302222223500002,0.31625000000000003,1.9805555553,3.9433333322500004,2.145,6.13888888925,3.1200000012,1.7820000000000005,4.800000000600002,0.7020000000000001,0.22275000000000006,1.35,0.1617777777,0.0385,0.3111111108,0.65,0.275,1.11111111125,1.144,0.6050000000000001,1.7111111115999995,0.5055555549999999,0.275,0.9027777775,0.17333333339999998,0.066,0.26666666640000003,0.10111111115,0.01925,0.25277777770000004,0.10399999994999999,0.00825,0.19166666670000002
76,0064 Leeds Beckett University Estimated Incoming Infection,140.08222223135002,71.85475,228.61666667595,10.798666668150004,3.671250000000001,22.9916666637,43.8013333213,23.826,68.1888888929,60.1755555787,34.3695,92.57777778935,8.294,2.6317500000000003,15.95,1.6062222214500002,0.38225,3.0888888858000003,4.628,1.958,7.9111111121,5.46,2.8875,8.166666669,2.7704444414,1.507,4.9472222207000005,1.1411111115500001,0.4345000000000001,1.7555555537999998,0.6788888891500001,0.12925,1.6972222217,0.7279999996500001,0.05775,1.3416666669
77,0351 Leeds College of Music Estimated Incoming Infection,6.950666666300003,3.3715,11.4833333334,0.3640000000500001,0.12375,0.7749999998999999,1.88066666615,1.023,2.9277777779500003,1.6177777784,0.924,2.4888888892,0.5720000000000001,0.1815,1.1,0.17333333325000005,0.04125,0.333333333,0.546,0.231,0.93333333345,0.988,0.5225000000000001,1.4777777782,0.4246666662,0.231,0.7583333331000002,0.18777777785,0.07150000000000001,0.2888888886,0.057777777799999985,0.011,0.14444444439999998,0.1386666666,0.011,0.2555555556
78,0124 The University of Leeds Estimated Incoming Infection,169.80888887959998,85.07400000000001,277.52500000745,9.2213333346,3.135,19.6333333308,49.9893333196,27.192000000000004,77.82222222680001,40.3577777933,23.050500000000003,62.08888889665001,10.218,3.2422500000000003,19.65,3.3395555539500004,0.79475,6.422222215800001,11.075999999999999,4.686,18.9333333357,29.692000000000004,15.702500000000002,44.41111112379999,10.737999988199999,5.841,19.174999994100002,2.96111111225,1.1275,4.555555551,1.1411111115500001,0.21725000000000005,2.8527777769000005,1.07466666615,0.08525,1.9805555559
79,0040 Leeds Trinity University Estimated Incoming Infection,21.3315555594,11.27775,34.35833333555,1.4155555557500004,0.4812500000000001,3.0138888885000004,4.06466666555,2.2110000000000003,6.327777778150001,13.260000005099997,7.5735,20.40000000255,0.858,0.27225,1.65,0.1617777777,0.0385,0.3111111108,0.5980000000000001,0.253,1.02222222235,0.46799999999999997,0.24750000000000005,0.7000000001999999,0.2628888886,0.14300000000000002,0.4694444443,0.10111111115,0.0385,0.1555555554,0.07222222225,0.01375,0.1805555555,0.0693333333,0.0055000000000000005,0.1277777778
80,0125 The University of Leicester Estimated Incoming Infection,68.30199999255001,30.811000000000003,115.2333333344,1.1324444446000002,0.385,2.4111111108000003,7.21933333135,3.927000000000001,11.23888888955,3.3511111123999995,1.914,5.1555555562,15.652,4.9665,30.1,3.3164444428500004,0.78925,6.3777777714,6.7860000000000005,2.8710000000000004,11.60000000145,23.608,12.485,35.3111111212,5.3588888830000005,2.915,9.569444441500002,1.155555556,0.44,1.777777776,0.5488888891,0.1045,1.3722222218000002,0.17333333324999994,0.01375,0.3194444445
81,0062 The University of Lincoln Estimated Incoming Infection,76.21466666690002,32.55724999999999,133.23888889149998,1.7391111113500002,0.59125,3.7027777773,6.0666666650000005,3.3,9.444444445,14.7044444501,8.3985,22.622222225050002,28.21,8.95125,54.25,1.4791111103999999,0.35200000000000004,2.8444444416000003,14.69,6.215,25.11111111425,5.1480000000000015,2.7225,7.700000002199999,3.235555552,1.76,5.7777777760000015,0.5200000001999999,0.198,0.7999999992,0.3177777779,0.0605,0.7944444442000002,0.10399999994999999,0.00825,0.19166666670000002
82,0023 Liverpool Hope University Estimated Incoming Infection,41.74444443435,22.01375,66.26666666850001,0.5662222223000001,0.1925,1.2055555554000001,36.7639999899,19.998,57.2333333367,1.0400000003999998,0.5940000000000001,1.6000000002,0.5980000000000001,0.18975,1.15,0.68177777745,0.16225,1.3111111098,0.3120000000000001,0.132,0.5333333334,0.8320000000000001,0.44,1.2444444447999998,0.303333333,0.165,0.5416666665000001,0.13000000004999998,0.0495,0.1999999998,0.44777777795,0.08525,1.1194444441000002,0.0693333333,0.0055000000000000005,0.1277777778
83,0065 Liverpool John Moores University Estimated Incoming Infection,192.04755551025002,100.72975000000002,306.53333333995005,2.0222222225,0.6875,4.305555555,167.86466662055003,91.311,261.32777779315,5.2288888908999995,2.9865000000000004,8.044444445449999,2.73,0.86625,5.25,3.0159999985500003,0.7177500000000001,5.799999994199999,1.638,0.693,2.8000000003500003,2.912,1.54,4.3555555568,1.5975555537999997,0.8690000000000001,2.8527777769000005,0.6644444447,0.253,1.0222222212,4.1311111127,0.7865000000000001,10.327777774600001,0.24266666655,0.01925,0.4472222223
84,0209 The Liverpool Institute for Performing Arts Estimated Incoming Infection,4.64822222135,2.27975,7.6277777776999995,0.12133333335000003,0.04125,0.2583333333,2.6086666659500004,1.419,4.06111111135,0.3466666668,0.198,0.5333333334,0.26,0.0825,0.5,0.1617777777,0.0385,0.3111111108,0.182,0.077,0.31111111115,0.46799999999999997,0.24750000000000005,0.7000000001999999,0.2224444442,0.121,0.3972222221000001,0.07222222225,0.0275,0.111111111,0.10111111115,0.01925,0.25277777770000004,0.10399999994999999,0.00825,0.19166666670000002
85,0126 The University of Liverpool Estimated Incoming Infection,148.65066663770003,75.31975,241.12222222084998,3.3973333338,1.1550000000000002,7.233333332399999,95.06466664055,51.71100000000001,147.99444445314998,10.226666670599998,5.841,15.7333333353,5.59,1.77375,10.75,4.541333331150001,1.08075,8.7333333246,4.992000000000001,2.112,8.5333333344,12.895999999999999,6.82,19.2888888944,6.167777771,3.355,11.0138888855,2.29666666755,0.8745,3.5333333298,2.88888889,0.55,7.222222220000001,0.58933333305,0.04675,1.0861111113
86,0228 Liverpool School of Tropical Medicine Estimated Incoming Infection,1.9673333329,0.96525,3.2000000000499997,0.040444444450000006,0.01375,0.0861111111,1.213333333,0.66,1.888888889,0.08666666669999999,0.0495,0.13333333335,0.052000000000000005,0.0165,0.1,0.023111111099999998,0.0055000000000000005,0.044444444400000005,0.052000000000000005,0.022,0.0888888889,0.208,0.11,0.3111111112,0.101111111,0.055,0.1805555555,0.04333333335,0.0165,0.06666666660000001,0.04333333335,0.00825,0.1083333333,0.10399999994999999,0.00825,0.19166666670000002
87,0334 Grŵp Llandrillo Menai Estimated Incoming Infection,4.15133333485,0.83325,10.2638888858,0.0,0.0,0.0,0.1213333333,0.066,0.1888888889,0.0,0.0,0.0,0.0,0.0,0.0,0.0,0.0,0.0,0.0,0.0,0.0,0.0,0.0,0.0,0.0,0.0,0.0,0.0,0.0,0.0,4.03000000155,0.76725,10.0749999969,0.0,0.0,0.0
88,"0024 University of the Arts, London Estimated Incoming Infection",66.55133332625002,33.36575,105.11388890040001,0.8897777779000002,0.30250000000000005,1.8944444442,4.42866666545,2.4090000000000003,6.89444444485,1.7911111118,1.023,2.7555555559000005,1.716,0.5445,3.3,0.7626666662999999,0.1815,1.4666666652,4.862,2.057,8.31111111215,42.536,22.495,63.6222222404,6.268888882,3.41,11.194444441,2.12333333415,0.8085,3.2666666633999997,0.3755555556999999,0.07150000000000001,0.9388888886,0.79733333295,0.06325,1.4694444446999997
89,0135 London Business School Estimated Incoming Infection,4.347777777600002,2.266,6.591666668299999,0.0,0.0,0.0,0.06066666665,0.033,0.09444444445,0.0,0.0,0.0,0.026,0.00825,0.05,0.023111111099999998,0.0055000000000000005,0.044444444400000005,0.07800000000000001,0.033,0.13333333335,4.004,2.1175,5.988888890599997,0.1213333332,0.066,0.21666666660000006,0.0,0.0,0.0,0.0,0.0,0.0,0.03466666665,0.0027500000000000003,0.0638888889
90,0151 University of London (Institutes and activities) Estimated Incoming Infection,1.17288888875,0.5857500000000001,1.84166666695,0.0,0.0,0.0,0.06066666665,0.033,0.09444444445,0.0,0.0,0.0,0.0,0.0,0.0,0.011555555549999999,0.0027500000000000003,0.022222222200000002,0.104,0.044,0.1777777778,0.8320000000000001,0.44,1.2444444447999998,0.101111111,0.055,0.1805555555,0.014444444449999996,0.0055000000000000005,0.022222222200000002,0.014444444449999996,0.0027500000000000003,0.036111111099999996,0.03466666665,0.0027500000000000003,0.0638888889
91,0202 London Metropolitan University Estimated Incoming Infection,74.46399999725,38.68975,113.5722222486,0.28311111115000004,0.09625,0.6027777777000001,1.3346666663,0.7260000000000001,2.0777777779,0.4911111113,0.2805,0.7555555556500001,0.546,0.17325,1.05,0.2542222221,0.0605,0.48888888840000005,3.1460000000000004,1.331,5.3777777784500005,65.36399999999999,34.5675,97.76666669459999,2.3457777752,1.276,4.1888888876,0.36111111125,0.1375,0.555555555,0.13000000004999998,0.02475,0.3249999999000001,0.20799999989999998,0.0165,0.38333333340000003
92,0076 London South Bank University Estimated Incoming Infection,135.2548888806,70.25700000000002,207.30000004485,0.32355555560000004,0.11,0.6888888888,1.39533333295,0.759,2.1722222223500003,0.5200000001999999,0.29700000000000004,0.8000000001,0.78,0.2475,1.5,0.41599999979999996,0.099,0.7999999992,8.112,3.432,13.866666668399999,115.128,60.88500000000001,172.20000004919999,7.522666658399999,4.092,13.4333333292,0.7655555558499999,0.2915,1.1777777766,0.18777777785,0.035750000000000004,0.4694444443,0.10399999994999999,0.00825,0.19166666670000002
93,0137 London School of Economics and Political Science Estimated Incoming Infection,29.33088888595,14.7895,46.122222228199995,0.4044444445000001,0.1375,0.8611111109999999,2.36599999935,1.287,3.6833333335500003,0.6644444447,0.3795,1.02222222235,0.5980000000000001,0.18975,1.15,0.3928888887,0.0935,0.7555555547999999,1.82,0.77,3.1111111114999996,19.604,10.3675,29.322222230599994,2.325555553,1.265,4.1527777765,0.62111111135,0.2365,0.9555555546,0.18777777785,0.035750000000000004,0.4694444443,0.34666666649999994,0.0275,0.638888889
94,0138 London School of Hygiene and Tropical Medicine Estimated Incoming Infection,4.57311111075,2.32925,7.080555556849999,0.0,0.0,0.0,0.18199999995000002,0.099,0.28333333335,0.057777777799999985,0.033,0.0888888889,0.07800000000000001,0.02475,0.15,0.03466666665,0.00825,0.06666666660000001,0.26,0.11,0.4444444445,3.536,1.8700000000000003,5.2888888904,0.28311111079999995,0.154,0.5055555554000001,0.057777777799999985,0.022,0.08888888880000001,0.014444444449999996,0.0027500000000000003,0.036111111099999996,0.0693333333,0.0055000000000000005,0.1277777778
95,0152 Loughborough University Estimated Incoming Infection,70.8442222104,32.81025,119.04444444210002,1.4155555557500004,0.4812500000000001,3.0138888885000004,9.40333333075,5.115,14.63888888975,3.6111111125,2.0625,5.55555555625,9.802,3.11025,18.85,2.6808888876,0.638,5.155555550399999,9.412,3.982,16.088888890899998,21.008000000000006,11.11,31.4222222312,9.544888878399998,5.192,17.044444439200007,2.29666666755,0.8745,3.5333333298,1.0111111115,0.1925,2.5277777770000003,0.6586666663499999,0.05225,1.2138888891
96,0066 The Manchester Metropolitan University Estimated Incoming Infection,267.4417777215,139.7495,426.77500001055,5.581333334100001,1.8975,11.883333331800001,213.48599994135003,116.127,332.35000001955,17.015555562099998,9.7185,26.177777781050004,7.67,2.43375,14.75,4.2755555535,1.0175,8.222222214,3.666,1.551,6.26666666745,7.176,3.795,10.7333333364,3.6804444404,2.002,6.572222220200001,1.9355555563,0.737,2.9777777748000003,2.12333333415,0.40425,5.308333331700001,0.8319999995999999,0.066,1.5333333336000001
97,0204 The University of Manchester Estimated Incoming Infection,189.45044440970003,96.30775,305.1111111165,4.853333334000001,1.65,10.333333332,109.01799997004998,59.301,169.71666667665002,12.711111116,7.26,19.555555558,6.37,2.02125,12.25,3.8826666648,0.924,7.4666666591999995,6.266,2.651,10.71111111245,29.328000000000007,15.510000000000002,43.8666666792,9.09999999,4.95,16.249999995000003,3.82777777925,1.4575,5.888888883,2.32555555645,0.44275,5.8138888871,1.76799999915,0.14025,3.2583333339
98,0067 Middlesex University Estimated Incoming Infection,132.01644443930002,68.26325000000001,202.03055560110002,0.4448888889500001,0.15125000000000002,0.9472222221,2.24466666605,1.2209999999999999,3.4944444446499996,1.0400000003999998,0.5940000000000001,1.6000000002,1.222,0.38775,2.35,0.5777777775,0.1375,1.11111111,7.774,3.289,13.288888890550004,112.944,59.73000000000001,168.9333333816,4.4286666618,2.4090000000000003,7.9083333309000015,0.7077777780500001,0.2695,1.0888888878,0.21666666675000001,0.04125,0.5416666665000001,0.41599999979999996,0.033,0.7666666668000001
99,0154 Newcastle University Estimated Incoming Infection,135.22888888455,60.368,240.69999999360002,42.30488889470001,14.382500000000002,90.07222221059999,32.395999991100005,17.622,50.4333333363,18.7488888961,10.7085,28.844444448049998,7.383999999999999,2.343,14.2,1.4097777771000002,0.3355,2.7111111084,6.682,2.827,11.42222222365,14.092,7.4525000000000015,21.077777783800002,6.6328888816,3.608,11.844444440799998,1.92111111185,0.7315,2.9555555526,0.6066666668999999,0.1155,1.5166666662000003,3.0506666651999996,0.242,5.6222222232000005
100,0028 Newman University Estimated Incoming Infection,7.392666663750001,2.0899999999999994,13.847222210999998,0.040444444450000006,0.01375,0.0861111111,0.2426666666,0.132,0.3777777778,0.1444444445,0.0825,0.22222222225,0.3120000000000001,0.099,0.6,5.8702222194,1.3969999999999998,11.2888888776,0.13,0.055,0.22222222225,0.416,0.22,0.6222222223999999,0.101111111,0.055,0.1805555555,0.07222222225,0.0275,0.111111111,0.0288888889,0.0055000000000000005,0.07222222219999999,0.03466666665,0.0027500000000000003,0.0638888889
101,0027 The University of Northampton Estimated Incoming Infection,57.407999993100006,24.574,99.26111111345,0.32355555560000004,0.11,0.6888888888,1.39533333295,0.759,2.1722222223500003,0.7222222225,0.4125,1.11111111125,21.19,6.72375,40.75,1.8488888880000005,0.44,3.555555552,6.162000000000001,2.607,10.53333333465,19.396,10.2575,29.0111111194,5.6015555494,3.047,10.002777774700002,0.43333333350000003,0.165,0.666666666,0.2311111112,0.044,0.5777777775999999,0.10399999994999999,0.00825,0.19166666670000002
102,0335 Grŵp NPTC Group Estimated Incoming Infection,0.4622222224,0.08800000000000001,1.1555555551999999,0.0,0.0,0.0,0.0,0.0,0.0,0.0,0.0,0.0,0.0,0.0,0.0,0.0,0.0,0.0,0.0,0.0,0.0,0.0,0.0,0.0,0.0,0.0,0.0,0.0,0.0,0.0,0.4622222224,0.08800000000000001,1.1555555551999999,0.0,0.0,0.0
103,0069 University of Northumbria at Newcastle Estimated Incoming Infection,156.84933334755004,61.89700000000001,307.73611108719984,107.9866666815,36.71250000000001,229.91666663700002,18.4426666616,10.032,28.7111111128,16.8133333398,9.603000000000002,25.8666666699,3.0940000000000003,0.98175,5.95,0.40444444425,0.09625,0.7777777770000001,1.768,0.748,3.0222222226000004,5.2,2.75,7.777777779999999,1.2739999986,0.693,2.2749999993000003,0.3755555556999999,0.14300000000000002,0.5777777772,0.17333333339999998,0.033,0.4333333332000001,1.3173333326999999,0.1045,2.4277777782
104,0190 Norwich University of the Arts Estimated Incoming Infection,11.70866666565,5.208500000000001,19.847222223699998,0.12133333335000003,0.04125,0.2583333333,0.4853333332,0.264,0.7555555556,0.2600000001,0.14850000000000002,0.40000000005,0.858,0.27225,1.65,0.08088888885000001,0.01925,0.1555555554,7.046,2.9810000000000003,12.04444444595,1.768,0.9350000000000002,2.6444444452,0.9099999990000001,0.495,1.6249999995000002,0.11555555559999997,0.044,0.17777777760000002,0.0288888889,0.0055000000000000005,0.07222222219999999,0.03466666665,0.0027500000000000003,0.0638888889
105,0155 University of Nottingham Estimated Incoming Infection,145.21288887095,66.2365,244.83055555625003,2.5480000003500005,0.86625,5.4249999993,19.5346666613,10.626,30.4111111129,8.9266666701,5.0985000000000005,13.733333335050002,30.576,9.702,58.8,5.812444441649999,1.38325,11.1777777666,16.224,6.864,27.733333336799998,43.263999999999996,22.88,64.7111111296,13.5893333184,7.392,24.26666665920001,3.04777777895,1.1605,4.6888888842,1.17000000045,0.22275,2.9249999991000006,0.51999999975,0.04125,0.9583333335
106,0071 The Nottingham Trent University Estimated Incoming Infection,143.13288887525,59.45500000000001,251.20555554799998,2.2648888892000003,0.77,4.822222221600001,14.984666662550001,8.151,23.32777777915,8.8977777812,5.082000000000002,13.6888888906,54.158,17.18475,104.15,8.12355555165,1.93325,15.6222222066,19.474,8.238999999999999,33.28888889305,23.036,12.1825,34.4555555654,9.2617777676,5.038,16.538888883800002,1.86333333405,0.7095,2.8666666638,0.7222222225,0.1375,1.805555555,0.34666666649999994,0.0275,0.638888889
107,0001 The Open University Estimated Incoming Infection,1.617777777,0.8195000000000001,2.6972222221,0.0,0.0,0.0,0.06066666665,0.033,0.09444444445,0.0288888889,0.0165,0.04444444445,0.052000000000000005,0.0165,0.1,0.011555555549999999,0.0027500000000000003,0.022222222200000002,0.15600000000000006,0.066,0.2666666667,0.5720000000000001,0.30250000000000005,0.8555555557999999,0.6875555548000001,0.374,1.2277777774000005,0.014444444449999996,0.0055000000000000005,0.022222222200000002,0.0,0.0,0.0,0.03466666665,0.0027500000000000003,0.0638888889
108,0072 Oxford Brookes University Estimated Incoming Infection,59.797111084849995,28.655,101.85833331154998,0.4853333334000001,0.165,1.0333333332,2.7906666659,1.518,4.344444444700001,1.0688888893000001,0.6105,1.64444444465,2.86,0.9075,5.5,2.4382222210499997,0.5802499999999999,4.6888888842,4.94,2.09,8.4444444455,12.584,6.655,18.8222222276,24.832888861599997,13.508,44.344444430799996,6.312222224649999,2.4035,9.7111111014,0.8955555559,0.1705,2.2388888882000004,0.58933333305,0.04675,1.0861111113
109,0156 The University of Oxford Estimated Incoming Infection,97.59244442165001,47.5035,159.8222222208,2.2244444447500005,0.75625,4.7361111105,11.46599999685,6.237,17.85000000105,3.4666666680000002,1.98,5.333333334,3.172,1.0065,6.1,2.2648888878,0.539,4.3555555512,7.254,3.069,12.40000000155,40.611999999999995,21.4775,60.74444446179999,19.0897777568,10.384,34.08888887840001,4.3044444461,1.639,6.622222215599999,1.0688888893000001,0.2035,2.6722222213999998,2.6693333320500003,0.21175,4.919444445299999
110,0230 Plymouth College of Art Estimated Incoming Infection,4.66844444485,1.9415,7.611111106650003,0.040444444450000006,0.01375,0.0861111111,0.2426666666,0.132,0.3777777778,0.08666666669999999,0.0495,0.13333333335,0.15600000000000006,0.0495,0.3,0.10399999994999999,0.02475,0.1999999998,0.26,0.11,0.4444444445,0.416,0.22,0.6222222223999999,0.5459999994,0.297,0.9749999997,2.6722222232499995,1.0175,4.111111107,0.1444444445,0.0275,0.361111111,0.0,0.0,0.0
111,0073 University of Plymouth Estimated Incoming Infection,63.16555555885,26.724500000000006,102.77222216745,0.5257777778500001,0.17875,1.1194444443,3.5186666657,1.914,5.477777778099999,1.0400000003999998,0.5940000000000001,1.6000000002,1.768,0.561,3.4,1.5484444437000002,0.3685,2.9777777748000003,3.51,1.485,6.00000000075,8.267999999999999,4.3725000000000005,12.366666670199999,7.9271111024000005,4.312,14.155555551200006,33.06333334605,12.5895,50.86666661579999,1.71888888955,0.32725000000000004,4.2972222209,0.2773333332,0.022,0.5111111112
112,0074 The University of Portsmouth Estimated Incoming Infection,95.8677777351,48.63375,159.49444442979998,0.4448888889500001,0.15125000000000002,0.9472222221,1.8199999995,0.99,2.8333333335,0.6644444447,0.3795,1.02222222235,1.794,0.56925,3.45,1.12088888835,0.26675,2.1555555534,8.294,3.509,14.177777779550002,35.984,19.03,53.822222237599995,40.0197777338,21.769,71.46388886689999,4.7377777796,1.804,7.288888881599998,0.7800000002999999,0.1485,1.9499999994,0.20799999989999998,0.0165,0.38333333340000003
113,"0100 Queen Margaret University, Edinburgh Estimated Incoming Infection",27.406888877100002,3.67675,49.90833334075,0.4448888889500001,0.15125000000000002,0.9472222221,1.27399999965,0.693,1.98333333345,0.2311111112,0.132,0.3555555556,0.182,0.05775,0.35,0.0693333333,0.0165,0.13333333320000001,0.208,0.08800000000000001,0.3555555556,0.8320000000000001,0.44,1.2444444447999998,0.2628888886,0.14300000000000002,0.4694444443,0.15888888895,0.0605,0.24444444420000003,0.10111111115,0.01925,0.25277777770000004,23.6426666553,1.8755,43.5722222298
114,0139 Queen Mary University of London Estimated Incoming Infection,108.91111110434997,55.92675000000001,168.31944447594998,0.8088888890000001,0.275,1.722222222,4.3679999988,2.3760000000000003,6.800000000400001,1.3000000005,0.7425,2.00000000025,1.43,0.45375,2.75,0.8782222218000001,0.209,1.6888888872,6.136,2.596,10.4888888902,86.164,45.5675,128.8777778146,5.682444438199999,3.091,10.1472222191,1.3144444449500001,0.5005,2.0222222202,0.44777777795,0.08525,1.1194444441000002,0.38133333314999995,0.03025,0.7027777779000001
115,0030 Ravensbourne University London Estimated Incoming Infection,17.3448888873,8.8825,26.950000004749995,0.08088888890000001,0.0275,0.1722222222,0.42466666655,0.231,0.66111111115,0.11555555559999997,0.066,0.1777777778,0.23399999999999999,0.07425000000000001,0.45,0.09244444439999999,0.022,0.17777777760000002,1.56,0.66,2.666666667,13.155999999999999,6.9575,19.6777777834,1.3953333318,0.759,2.4916666659000004,0.2022222223,0.077,0.3111111108,0.014444444449999996,0.0027500000000000003,0.036111111099999996,0.0693333333,0.0055000000000000005,0.1277777778
116,0157 The University of Reading Estimated Incoming Infection,64.62444442399999,31.457249999999995,107.7527777675,0.4448888889500001,0.15125000000000002,0.9472222221,2.8513333325500003,1.551,4.43888888915,1.0688888893000001,0.6105,1.64444444465,2.262,0.7177500000000001,4.35,1.53688888815,0.36575,2.9555555526,6.864,2.904,11.733333334800001,23.348000000000006,12.3475,34.9222222322,19.6559999784,10.692,35.09999998920001,4.75222222405,1.8095,7.3111111038,1.4588888894499998,0.27775,3.6472222211,0.38133333314999995,0.03025,0.7027777779000001
117,0104 The Robert Gordon University Estimated Incoming Infection,50.5006666428,4.40825,92.8777777937,0.08088888890000001,0.0275,0.1722222222,0.18199999995000002,0.099,0.28333333335,0.08666666669999999,0.0495,0.13333333335,0.052000000000000005,0.0165,0.1,0.023111111099999998,0.0055000000000000005,0.044444444400000005,0.104,0.044,0.1777777778,0.364,0.1925,0.5444444446,0.0606666666,0.033,0.1083333333,0.0288888889,0.011,0.044444444400000005,0.014444444449999996,0.0027500000000000003,0.036111111099999996,49.5039999762,3.927,91.2333333492
118,0031 Roehampton University Estimated Incoming Infection,93.715555548,48.09475000000001,144.66944446944999,0.16177777780000002,0.055,0.3444444444,2.9119999992000003,1.584,4.5333333336,0.4622222224,0.264,0.7111111112,1.508,0.4785,2.9,2.4497777766,0.583,4.7111111064,3.614,1.529,6.17777777855,76.336,40.37000000000001,114.1777778104,5.459999994,2.97,9.749999997000002,0.62111111135,0.2365,0.9555555546,0.08666666669999999,0.0165,0.21666666660000006,0.10399999994999999,0.00825,0.19166666670000002
119,0032 Rose Bruford College of Theatre and Performance Estimated Incoming Infection,3.4146666661000005,1.65275,5.591666666699999,0.08088888890000001,0.0275,0.1722222222,0.54599999985,0.29700000000000004,0.8500000000500001,0.2022222223,0.1155,0.31111111115,0.15600000000000006,0.0495,0.3,0.08088888885000001,0.01925,0.1555555554,0.3120000000000001,0.132,0.5333333334,1.3,0.6875,1.944444445,0.46511111060000004,0.253,0.8305555553,0.1444444445,0.055,0.222222222,0.057777777799999985,0.011,0.14444444439999998,0.0693333333,0.0055000000000000005,0.1277777778
120,0033 Royal Academy of Music Estimated Incoming Infection,3.10555555505,1.419,5.12500000015,0.040444444450000006,0.01375,0.0861111111,0.4853333332,0.264,0.7555555556,0.11555555559999997,0.066,0.1777777778,0.182,0.05775,0.35,0.03466666665,0.00825,0.06666666660000001,0.23399999999999999,0.099,0.40000000005,1.1960000000000002,0.6325000000000001,1.7888888894,0.34377777740000004,0.187,0.6138888887000001,0.1444444445,0.055,0.222222222,0.08666666669999999,0.0165,0.21666666660000006,0.24266666655,0.01925,0.4472222223
121,0195 Royal Agricultural University Estimated Incoming Infection,4.60199999935,1.9965,7.8138888872,0.12133333335000003,0.04125,0.2583333333,0.42466666655,0.231,0.66111111115,0.2600000001,0.14850000000000002,0.40000000005,0.442,0.14025,0.85,0.20799999989999998,0.0495,0.3999999996,0.6759999999999999,0.28600000000000003,1.1555555557,0.6240000000000001,0.33,0.9333333335999998,0.7684444436,0.418,1.3722222218000002,0.8522222225499999,0.3245,1.3111111098,0.08666666669999999,0.0165,0.21666666660000006,0.1386666666,0.011,0.2555555556
122,0003 Royal College of Art Estimated Incoming Infection,5.67088888845,2.8490000000000006,8.836111112549997,0.040444444450000006,0.01375,0.0861111111,0.2426666666,0.132,0.3777777778,0.08666666669999999,0.0495,0.13333333335,0.07800000000000001,0.02475,0.15,0.057777777750000016,0.01375,0.111111111,0.26,0.11,0.4444444445,4.263999999999999,2.2550000000000003,6.377777779600001,0.34377777740000004,0.187,0.6138888887000001,0.11555555559999997,0.044,0.17777777760000002,0.04333333335,0.00825,0.1083333333,0.1386666666,0.011,0.2555555556
123,0034 Royal College of Music Estimated Incoming Infection,2.8484444440499996,1.3557499999999998,4.61666666695,0.040444444450000006,0.01375,0.0861111111,0.42466666655,0.231,0.66111111115,0.08666666669999999,0.0495,0.13333333335,0.104,0.033,0.2,0.046222222199999996,0.011,0.08888888880000001,0.23399999999999999,0.099,0.40000000005,1.3519999999999999,0.715,2.0222222228,0.2628888886,0.14300000000000002,0.4694444443,0.10111111115,0.0385,0.1555555554,0.057777777799999985,0.011,0.14444444439999998,0.1386666666,0.011,0.2555555556
124,0101 Royal Conservatoire of Scotland Estimated Incoming Infection,5.7517777755,0.99,10.36944444585,0.08088888890000001,0.0275,0.1722222222,0.36399999990000004,0.198,0.5666666667,0.1444444445,0.0825,0.22222222225,0.07800000000000001,0.02475,0.15,0.023111111099999998,0.0055000000000000005,0.044444444400000005,0.104,0.044,0.1777777778,0.3120000000000001,0.165,0.4666666667999999,0.1213333332,0.066,0.21666666660000006,0.04333333335,0.0165,0.06666666660000001,0.04333333335,0.00825,0.1083333333,4.4373333312,0.35200000000000004,8.1777777792
125,0010 The Royal Central School of Speech and Drama Estimated Incoming Infection,4.792666665949999,2.31,7.74722222265,0.08088888890000001,0.0275,0.1722222222,0.42466666655,0.231,0.66111111115,0.17333333339999998,0.099,0.2666666667,0.182,0.05775,0.35,0.08088888885000001,0.01925,0.1555555554,0.46799999999999997,0.198,0.8000000001,2.3920000000000003,1.265,3.5777777788,0.5864444437999999,0.319,1.0472222219,0.18777777785,0.07150000000000001,0.2888888886,0.04333333335,0.00825,0.1083333333,0.17333333324999994,0.01375,0.3194444445
126,0141 Royal Holloway and Bedford New College Estimated Incoming Infection,52.15599998885,26.515500000000007,83.34444444924998,0.32355555560000004,0.11,0.6888888888,1.6986666661999998,0.924,2.6444444446,0.6933333335999999,0.396,1.0666666668,0.8320000000000001,0.264,1.6,0.5315555553,0.1265,1.0222222212,4.29,1.815,7.333333334250001,31.148000000000003,16.472500000000004,46.588888902200004,10.4346666552,5.676,18.633333327600006,1.71888888955,0.6545000000000001,2.6444444418,0.3466666668,0.066,0.8666666664000001,0.1386666666,0.011,0.2555555556
127,0035 Royal Northern College of Music Estimated Incoming Infection,4.25244444365,1.99375,7.0638888889,0.12133333335000003,0.04125,0.2583333333,2.0019999994499997,1.089,3.11666666685,0.3177777779,0.1815,0.48888888895000004,0.23399999999999999,0.07425000000000001,0.45,0.09244444439999999,0.022,0.17777777760000002,0.208,0.08800000000000001,0.3555555556,0.52,0.275,0.7777777779999999,0.2628888886,0.14300000000000002,0.4694444443,0.08666666669999999,0.033,0.13333333320000001,0.13000000004999998,0.02475,0.3249999999000001,0.2773333332,0.022,0.5111111112
128,0143 The Royal Veterinary College Estimated Incoming Infection,10.414444442600002,4.9225,17.2861111109,0.24266666670000006,0.0825,0.5166666665999999,1.213333333,0.66,1.888888889,0.5488888891,0.3135,0.8444444445500001,0.5980000000000001,0.18975,1.15,0.18488888879999998,0.044,0.35555555520000004,1.69,0.715,2.88888888925,3.3280000000000003,1.76,4.977777779199999,1.6582222204,0.902,2.9611111101999996,0.5344444446500001,0.2035,0.8222222214,0.17333333339999998,0.033,0.4333333332000001,0.24266666655,0.01925,0.4472222223
129,0173 The University of St Andrews Estimated Incoming Infection,36.2873333212,9.801,63.702777784,1.01111111125,0.34375,2.1527777775,3.8826666656,2.112,6.0444444448,1.2133333337999999,0.693,1.8666666669000005,0.91,0.28875,1.75,0.32355555540000003,0.077,0.6222222216,1.56,0.66,2.666666667,4.992000000000001,2.64,7.4666666687999985,2.224444442,1.21,3.9722222210000013,0.50555555575,0.1925,0.7777777770000001,0.21666666675000001,0.04125,0.5416666665000001,19.44799999065,1.54275,35.8416666729
130,"0145 St George's, University of London Estimated Incoming Infection",34.36333332915,17.776,53.41666667525,0.20222222225000006,0.06875,0.4305555555,1.03133333305,0.561,1.60555555565,0.288888889,0.165,0.4444444445,0.364,0.1155,0.7,0.24266666655,0.05775,0.46666666619999997,1.404,0.594,2.4000000003000004,26.52,14.025,39.666666678,3.7006666626,2.013,6.6083333313,0.3755555556999999,0.14300000000000002,0.5777777772,0.13000000004999998,0.02475,0.3249999999000001,0.10399999994999999,0.00825,0.19166666670000002
131,0194 St Mary's University College Estimated Incoming Infection,0.0,0.0,0.0,0.0,0.0,0.0,0.0,0.0,0.0,0.0,0.0,0.0,0.0,0.0,0.0,0.0,0.0,0.0,0.0,0.0,0.0,0.0,0.0,0.0,0.0,0.0,0.0,0.0,0.0,0.0,0.0,0.0,0.0,0.0,0.0,0.0
132,"0039 St Mary's University, Twickenham Estimated Incoming Infection",36.27288888345,18.71375,56.802777785749996,0.32355555560000004,0.11,0.6888888888,0.7886666664499999,0.429,1.2277777778499999,0.3177777779,0.1815,0.48888888895000004,0.3120000000000001,0.099,0.6,0.15022222215,0.035750000000000004,0.2888888886,2.106,0.8909999999999999,3.600000000450001,26.52,14.025,39.666666678,4.9948888834,2.717,8.919444441700001,0.50555555575,0.1925,0.7777777770000001,0.11555555559999997,0.022,0.28888888879999997,0.1386666666,0.011,0.2555555556
133,0158 The University of Salford Estimated Incoming Infection,190.90355551009998,101.56025,301.494444457,2.4671111114500004,0.83875,5.2527777770999995,169.86666662,92.4,264.44444446,6.9622222249000005,3.9765,10.71111111245,3.016,0.957,5.8,1.5022222214999998,0.3575,2.888888886,1.222,0.517,2.0888888891499997,2.6,1.375,3.88888889,1.314444443,0.715,2.3472222215,0.5344444446500001,0.2035,0.8222222214,0.96777777815,0.18425,2.4194444437,0.45066666645000003,0.035750000000000004,0.8305555557
134,0146 SOAS University of London Estimated Incoming Infection,22.966666665050003,11.748,35.5583333397,0.20222222225000006,0.06875,0.4305555555,0.7886666664499999,0.429,1.2277777778499999,0.288888889,0.165,0.4444444445,0.28600000000000003,0.09075,0.55,0.17333333325000005,0.04125,0.333333333,1.0659999999999998,0.451,1.82222222245,18.096,9.57,27.0666666744,1.3953333318,0.759,2.4916666659000004,0.36111111125,0.1375,0.555555555,0.10111111115,0.01925,0.25277777770000004,0.20799999989999998,0.0165,0.38333333340000003
135,0175 SRUC Estimated Incoming Infection,9.69222221765,0.84425,17.830555558599997,0.040444444450000006,0.01375,0.0861111111,0.06066666665,0.033,0.09444444445,0.0,0.0,0.0,0.0,0.0,0.0,0.0,0.0,0.0,0.026,0.011,0.04444444445,0.052000000000000005,0.0275,0.07777777779999999,0.0,0.0,0.0,0.014444444449999996,0.0055000000000000005,0.022222222200000002,0.0,0.0,0.0,9.4986666621,0.7535,17.505555558599998
136,0075 Sheffield Hallam University Estimated Incoming Infection,163.07200001625003,80.43475000000002,269.44722223245,4.529777778400001,1.54,9.644444443200001,33.54866665745,18.249,52.22777778085001,75.2844444734,42.998999999999995,115.8222222367,31.252,9.9165,60.1,3.1662222207000004,0.7535,6.088888882799998,5.6160000000000005,2.376,9.600000001200003,4.94,2.6125,7.388888890999999,2.6693333304,1.452,4.766666665200001,1.05444444485,0.4015,1.6222222206,0.4911111113,0.0935,1.2277777774000005,0.51999999975,0.04125,0.9583333335
137,0159 The University of Sheffield Estimated Incoming Infection,118.70733332745,57.91775000000001,196.33611111205002,4.7724444451000005,1.6225,10.161111109799998,32.5173333244,17.688000000000006,50.622222225200005,28.8888889,16.5,44.44444445,13.754,4.36425,26.45,3.36266666505,0.80025,6.4666666602,9.022,3.817,15.42222222415,15.132,8.002500000000001,22.6333333398,7.320444436399999,3.982,13.072222218200002,2.44111111205,0.9295,3.7555555518,0.8377777780999999,0.1595,2.0944444438,0.6586666663499999,0.05225,1.2138888891
138,0037 Solent University Estimated Incoming Infection,37.159777759799994,18.337,62.8861110982,0.24266666670000006,0.0825,0.5166666665999999,1.213333333,0.66,1.888888889,0.4622222224,0.264,0.7111111112,0.962,0.30525,1.85,0.51999999975,0.12375,0.999999999,3.276,1.386,5.600000000700001,8.164,4.317500000000001,12.211111114599998,17.492222202999994,9.515,31.236111101500004,4.17444444605,1.5895,6.422222215800001,0.3755555556999999,0.07150000000000001,0.9388888886,0.2773333332,0.022,0.5111111112
139,0160 The University of Southampton Estimated Incoming Infection,81.2355555262,40.194,134.87777776264997,0.6066666667500001,0.20625,1.2916666665,3.09399999915,1.683,4.81666666695,1.0111111115,0.5775,1.5555555557499998,1.82,0.5775,3.5,1.3866666660000002,0.33,2.666666664,7.15,3.025,12.22222222375,29.328000000000007,15.510000000000002,43.8666666792,28.351555524399995,15.422,50.627777762200004,6.83222222485,2.6015,10.511111100599999,1.17000000045,0.22275,2.9249999991000006,0.4853333331,0.0385,0.8944444445999999
140,0077 Staffordshire University Estimated Incoming Infection,48.865555541899994,20.064,84.78055552545,0.5662222223000001,0.1925,1.2055555554000001,18.6853333282,10.164,29.0888888906,1.6466666672999999,0.9405,2.5333333336500004,3.536,1.122,6.8,16.1315555478,3.839,31.022222191199997,1.82,0.77,3.1111111114999996,3.068,1.6225,4.5888888902,1.7997777757999998,0.979,3.2138888879,0.7511111113999999,0.28600000000000003,1.1555555544,0.7222222225,0.1375,1.805555555,0.1386666666,0.011,0.2555555556
141,0174 The University of Stirling Estimated Incoming Infection,61.14622219525,7.361750000000002,111.88611112835,1.2133333335000005,0.4125,2.583333333,1.88066666615,1.023,2.9277777779500003,0.5200000001999999,0.29700000000000004,0.8000000001,0.33799999999999997,0.10725,0.65,0.08088888885000001,0.01925,0.1555555554,0.416,0.17600000000000002,0.7111111112,1.144,0.6050000000000001,1.7111111115999995,0.5257777772,0.28600000000000003,0.9388888886,0.2022222223,0.077,0.3111111108,0.08666666669999999,0.0165,0.21666666660000006,54.73866664035,4.34225,100.8805555731
142,0014 University of St Mark and St John Estimated Incoming Infection,9.69511111245,4.07825,15.474999990899999,0.040444444450000006,0.01375,0.0861111111,0.4853333332,0.264,0.7555555556,0.2022222223,0.1155,0.31111111115,0.208,0.066,0.4,0.12711111105,0.03025,0.24444444420000003,0.33799999999999997,0.14300000000000002,0.5777777778500001,1.404,0.7425,2.1000000006,0.7886666657999999,0.429,1.4083333328999998,5.864444446699999,2.233,9.022222213200001,0.2022222223,0.0385,0.5055555554000001,0.03466666665,0.0027500000000000003,0.0638888889
143,0193 Stranmillis University College Estimated Incoming Infection,0.052000000000000005,0.0275,0.07777777779999999,0.0,0.0,0.0,0.0,0.0,0.0,0.0,0.0,0.0,0.0,0.0,0.0,0.0,0.0,0.0,0.0,0.0,0.0,0.052000000000000005,0.0275,0.07777777779999999,0.0,0.0,0.0,0.0,0.0,0.0,0.0,0.0,0.0,0.0,0.0,0.0
144,0169 The University of Strathclyde Estimated Incoming Infection,119.14355550015,11.65725,218.63055559185003,0.4853333334000001,0.165,1.0333333332,1.75933333285,0.957,2.7388888890499996,0.43333333350000003,0.2475,0.66666666675,0.23399999999999999,0.07425000000000001,0.45,0.12711111105,0.03025,0.24444444420000003,0.494,0.209,0.8444444445500001,1.144,0.6050000000000001,1.7111111115999995,0.4853333328,0.264,0.8666666664000001,0.17333333339999998,0.066,0.26666666640000003,0.10111111115,0.01925,0.25277777770000004,113.706666612,9.02,209.55555559200002
145,0210 University of Suffolk Estimated Incoming Infection,43.32755555479999,20.399500000000003,70.14166667895,0.08088888890000001,0.0275,0.1722222222,0.30333333325,0.165,0.4722222222499999,0.1444444445,0.0825,0.22222222225,0.3120000000000001,0.099,0.6,0.057777777750000016,0.01375,0.111111111,22.854,9.669,39.06666667155,18.772,9.927500000000002,28.0777777858,0.6875555548000001,0.374,1.2277777774000005,0.10111111115,0.0385,0.1555555554,0.014444444449999996,0.0027500000000000003,0.036111111099999996,0.0,0.0,0.0
146,0078 The University of Sunderland Estimated Incoming Infection,97.56066667489999,38.885,188.4972222152,65.520000009,22.275,139.49999998200002,1.75933333285,0.957,2.7388888890499996,1.6755555561999995,0.957,2.5777777781,0.416,0.132,0.8,0.11555555550000003,0.0275,0.222222222,1.43,0.605,2.44444444475,25.48,13.475,38.111111122,0.7077777769999999,0.385,1.2638888885,0.10111111115,0.0385,0.1555555554,0.04333333335,0.00825,0.1083333333,0.31199999985,0.02475,0.5750000001
147,0161 The University of Surrey Estimated Incoming Infection,65.2108888662,33.22000000000001,106.555555554,0.5257777778500001,0.17875,1.1194444443,2.426666666,1.32,3.777777778,0.7511111113999999,0.429,1.1555555557,1.17,0.37125,2.25,0.58933333305,0.14025,1.1333333322,4.732,2.002,8.0888888899,31.2,16.500000000000004,46.66666668,20.8693333104,11.352,37.26666665520001,2.12333333415,0.8085,3.2666666633999997,0.47666666685000003,0.09075,1.1916666663000002,0.34666666649999994,0.0275,0.638888889
148,0162 The University of Sussex Estimated Incoming Infection,73.88333330795002,37.64475,120.54444444264999,0.4853333334000001,0.165,1.0333333332,1.88066666615,1.023,2.9277777779500003,0.7222222225,0.4125,1.11111111125,1.092,0.3465,2.1,0.58933333305,0.14025,1.1333333322,6.474,2.739,11.06666666805,35.56800000000001,18.81,53.200000015200004,23.659999974,12.87,42.249999986999995,2.73000000105,1.0395,4.1999999958,0.4044444446,0.077,1.0111111108000002,0.2773333332,0.022,0.5111111112
149,0180 Swansea University Estimated Incoming Infection,63.16555555744999,22.327250000000006,126.4972221897,0.24266666670000006,0.0825,0.5166666665999999,4.54999999875,2.475,7.08333333375,0.8955555559,0.5115000000000001,1.3777777779500002,1.716,0.5445,3.3,2.11466666565,0.50325,4.0666666626,2.86,1.21,4.8888888895,10.14,5.3625,15.166666671,7.866444435799999,4.279,14.0472222179,5.994444446749999,2.2825,9.222222213,26.577777788000002,5.06,66.444444424,0.20799999989999998,0.0165,0.38333333340000003
150,0079 Teesside University Estimated Incoming Infection,118.9702222369,43.81300000000001,243.06944441874995,99.53377779145,33.838750000000005,211.91944441709998,4.67133333205,2.5410000000000004,7.27222222265,8.66666667,4.95,13.333333335000004,0.988,0.3135,1.9,0.36977777759999997,0.08800000000000001,0.7111111104000001,0.9359999999999999,0.396,1.6000000002,2.08,1.1,3.111111112,0.7482222213999999,0.407,1.3361111106999999,0.24555555565,0.0935,0.3777777774,0.24555555565,0.04675,0.6138888887000001,0.4853333331,0.0385,0.8944444445999999
151,0041 Trinity Laban Conservatoire of Music and Dance Estimated Incoming Infection,5.407999999099999,2.563,8.8361111113,0.12133333335000003,0.04125,0.2583333333,0.54599999985,0.29700000000000004,0.8500000000500001,0.2311111112,0.132,0.3555555556,0.26,0.0825,0.5,0.09244444439999999,0.022,0.17777777760000002,0.494,0.209,0.8444444445500001,2.34,1.2375,3.500000001,0.7482222213999999,0.407,1.3361111106999999,0.27444444455,0.1045,0.4222222218,0.057777777799999985,0.011,0.14444444439999998,0.24266666655,0.01925,0.4472222223
152,0176 University of Wales Trinity Saint David Estimated Incoming Infection,37.3735555611,12.157750000000002,77.47499998425,0.12133333335000003,0.04125,0.2583333333,0.66733333315,0.363,1.03888888895,0.2311111112,0.132,0.3555555556,0.26,0.0825,0.5,2.3342222211,0.5555,4.4888888844000014,0.8320000000000001,0.35200000000000004,1.4222222224,11.648,6.16,17.4222222272,0.9302222212000001,0.506,1.6611111106,0.5200000001999999,0.198,0.7999999992,19.7600000076,3.762,49.3999999848,0.0693333333,0.0055000000000000005,0.1277777778
153,0196 University of the Highlands and Islands Estimated Incoming Infection,63.451555525550006,5.587999999999999,116.66388890865,0.040444444450000006,0.01375,0.0861111111,0.42466666655,0.231,0.66111111115,0.11555555559999997,0.066,0.1777777778,0.052000000000000005,0.0165,0.1,0.03466666665,0.00825,0.06666666660000001,0.104,0.044,0.1777777778,0.3120000000000001,0.165,0.4666666667999999,0.1213333332,0.066,0.21666666660000006,0.11555555559999997,0.044,0.17777777760000002,0.04333333335,0.00825,0.1083333333,62.08799997015,4.92525,114.4250000199
154,0185 Ulster University Estimated Incoming Infection,5.084444444000001,2.464,8.097222223200001,0.20222222225000006,0.06875,0.4305555555,0.7886666664499999,0.429,1.2277777778499999,0.17333333339999998,0.099,0.2666666667,0.13,0.04125,0.25,0.10399999994999999,0.02475,0.1999999998,0.182,0.077,0.31111111115,2.9640000000000004,1.5675,4.4333333346,0.1819999998,0.099,0.3249999999000001,0.08666666669999999,0.033,0.13333333320000001,0.0288888889,0.0055000000000000005,0.07222222219999999,0.24266666655,0.01925,0.4472222223
155,0149 University College London Estimated Incoming Infection,162.9362222072,82.85475000000002,254.4472222613,1.3751111112999999,0.4675000000000001,2.9277777774000002,8.068666664450001,4.388999999999999,12.56111111185,2.4555555565000002,1.4025,3.77777777825,2.678,0.8497500000000001,5.15,1.46755555485,0.34924999999999995,2.8222222194,10.764,4.5539999999999985,18.4000000023,118.196,62.50750000000001,176.78888893939998,12.780444430399998,6.952000000000001,22.822222215200004,2.90333333445,1.1055,4.466666662200001,0.8955555559,0.1705,2.2388888882000004,1.35199999935,0.10725,2.4916666671
156,0090 University of South Wales Estimated Incoming Infection,59.135555570250006,15.213000000000005,134.59166662545,0.4044444445000001,0.1375,0.8611111109999999,2.24466666605,1.2209999999999999,3.4944444446499996,0.7800000002999999,0.4455000000000001,1.2000000001500002,0.91,0.28875,1.75,1.0515555550500002,0.25025,2.0222222202,1.118,0.473,1.91111111135,2.444,1.2925,3.6555555566000004,2.3659999974,1.287,4.2249999987,3.97222222375,1.5125,6.111111105,43.46333335005,8.274750000000001,108.6583332999,0.38133333314999995,0.03025,0.7027777779000001
157,0186 The University of Wales (central functions) Estimated Incoming Infection,0.0,0.0,0.0,0.0,0.0,0.0,0.0,0.0,0.0,0.0,0.0,0.0,0.0,0.0,0.0,0.0,0.0,0.0,0.0,0.0,0.0,0.0,0.0,0.0,0.0,0.0,0.0,0.0,0.0,0.0,0.0,0.0,0.0,0.0,0.0,0.0
158,0163 The University of Warwick Estimated Incoming Infection,86.4702222069,40.29025,143.02777777004997,1.25377777795,0.42625,2.6694444441,8.796666664249999,4.785,13.694444445250001,2.9755555567000003,1.6995000000000002,4.577777778350001,6.006,1.9057500000000005,11.55,7.938666662849999,1.88925,15.266666651400001,8.242,3.487,14.08888889065,36.036,19.0575,53.90000001539999,10.454888877399998,5.687,18.669444438699998,2.8455555566500004,1.0835,4.3777777734,1.05444444485,0.20075,2.6361111103000003,0.86666666625,0.06875,1.5972222225
159,"0081 University of the West of England, Bristol Estimated Incoming Infection",88.56466666845002,36.60524999999999,148.67777770015,0.6875555556499999,0.23375000000000004,1.4638888887000001,4.06466666555,2.2110000000000003,6.327777778150001,1.3000000005,0.7425,2.00000000025,2.184,0.693,4.2,3.06222222075,0.72875,5.888888883,3.406,1.4409999999999998,5.822222222950001,10.92,5.775,16.333333338,13.5084444296,7.348,24.122222214800004,42.394444460749995,16.1425,65.22222215699999,6.5866666691999995,1.254,16.4666666616,0.45066666645000003,0.035750000000000004,0.8305555557
160,0105 The University of the West of Scotland Estimated Incoming Infection,104.02888884084999,10.175,190.49444447745,0.20222222225000006,0.06875,0.4305555555,0.36399999990000004,0.198,0.5666666667,0.11555555559999997,0.066,0.1777777778,0.104,0.033,0.2,0.046222222199999996,0.011,0.08888888880000001,0.182,0.077,0.31111111115,3.2239999999999998,1.705,4.822222223599999,0.16177777759999998,0.08800000000000001,0.28888888879999997,0.07222222225,0.0275,0.111111111,0.0288888889,0.0055000000000000005,0.07222222219999999,99.52799995215,7.89525,183.4250000319
161,0080 The University of West London Estimated Incoming Infection,71.49999999069999,37.05350000000001,111.1638889067,0.4044444445000001,0.1375,0.8611111109999999,1.39533333295,0.759,2.1722222223500003,0.5488888891,0.3135,0.8444444445500001,0.78,0.2475,1.5,0.3928888887,0.0935,0.7555555547999999,2.548,1.078,4.3555555561000014,55.74400000000001,29.480000000000004,83.37777780159999,8.432666657399999,4.587,15.058333328700005,0.7655555558499999,0.2915,1.1777777766,0.24555555565,0.04675,0.6138888887000001,0.24266666655,0.01925,0.4472222223
162,0083 The University of Westminster Estimated Incoming Infection,107.0939999938,55.55,164.22777781264998,0.4853333334000001,0.165,1.0333333332,2.36599999935,1.287,3.6833333335500003,0.6933333335999999,0.396,1.0666666668,0.91,0.28875,1.75,0.49688888865,0.11825,0.9555555546,5.252000000000002,2.222,8.9777777789,90.428,47.8225,135.2555555942,5.3791111052,2.926,9.605555552600002,0.7222222225,0.275,1.11111111,0.18777777785,0.035750000000000004,0.4694444443,0.17333333324999994,0.01375,0.3194444445
163,0021 The University of Winchester Estimated Incoming Infection,30.876444426299997,15.4,52.8527777635,0.20222222225000006,0.06875,0.4305555555,0.66733333315,0.363,1.03888888895,0.3177777779,0.1815,0.48888888895000004,0.6759999999999999,0.2145,1.3,0.35822222205000004,0.08525,0.6888888881999999,2.34,0.99,4.0000000005,4.316,2.2825,6.4555555573999985,17.755111091599996,9.658,31.705555545800003,3.97222222375,1.5125,6.111111105,0.2022222223,0.0385,0.5055555554000001,0.0693333333,0.0055000000000000005,0.1277777778
164,0085 The University of Wolverhampton Estimated Incoming Infection,53.27977775985,16.945500000000006,97.77222215729999,1.01111111125,0.34375,2.1527777775,3.3973333324,1.848,5.2888888892,1.0688888893000001,0.6105,1.64444444465,3.3540000000000005,1.06425,6.45,34.123555539150004,8.120750000000001,65.6222221566,1.274,0.539,2.1777777780500003,6.084,3.2175,9.100000002599998,1.3751111096000002,0.748,2.4555555548000005,0.9533333337000001,0.363,1.4666666652,0.36111111125,0.06875,0.9027777775,0.2773333332,0.022,0.5111111112
165,0046 University of Worcester Estimated Incoming Infection,28.651999992649998,9.636,51.8694444111,0.24266666670000006,0.0825,0.5166666665999999,1.63799999955,0.8910000000000001,2.55000000015,0.5488888891,0.3135,0.8444444445500001,1.3259999999999998,0.42075,2.55,14.3751111042,3.4210000000000003,27.644444416800003,1.3,0.55,2.2222222225,2.652,1.4025,3.9666666678,1.7795555535999998,0.968,3.1777777768000006,3.6255555569499993,1.3805,5.577777772199999,1.0255555559499998,0.19525,2.5638888881,0.1386666666,0.011,0.2555555556
166,0189 Writtle University College Estimated Incoming Infection,3.6602222217500002,1.66375,6.141666667000001,0.0,0.0,0.0,0.1213333333,0.066,0.1888888889,0.08666666669999999,0.0495,0.13333333335,0.07800000000000001,0.02475,0.15,0.046222222199999996,0.011,0.08888888880000001,2.106,0.8909999999999999,3.600000000450001,0.6759999999999999,0.3575,1.0111111114,0.4246666662,0.231,0.7583333331000002,0.07222222225,0.0275,0.111111111,0.014444444449999996,0.0027500000000000003,0.036111111099999996,0.03466666665,0.0027500000000000003,0.0638888889
167,0013 York St John University Estimated Incoming Infection,40.9442222281,19.981500000000004,69.90833333455001,8.77644444565,2.98375,18.6861111087,7.46199999795,4.059,11.61666666735,19.0377777851,10.873500000000002,29.288888892550002,2.522,0.80025,4.85,0.36977777759999997,0.08800000000000001,0.7111111104000001,1.222,0.517,2.0888888891499997,0.6240000000000001,0.33,0.9333333335999998,0.404444444,0.22,0.7222222220000001,0.17333333339999998,0.066,0.26666666640000003,0.1444444445,0.0275,0.361111111,0.20799999989999998,0.0165,0.38333333340000003
168,0164 The University of York Estimated Incoming Infection,90.07844443909998,43.76625,150.18055555639998,7.482222223250001,2.54375,15.9305555535,20.9906666609,11.418,32.6777777797,20.0488888966,11.450999999999999,30.8444444483,6.292000000000002,1.9965,12.1,1.97599999905,0.47025,3.7999999962,8.684,3.674,14.8444444463,14.04,7.425000000000002,21.000000006,7.178888880999999,3.905,12.819444440500002,1.7766666673499998,0.6765000000000001,2.7333333306,0.7077777780500001,0.13475,1.7694444439000003,0.9013333329000001,0.07150000000000001,1.6611111114
169,Total Estimated Incoming Infection,10462.229553911651,4633.255000000001,17525.71944456275,486.0613334001001,165.2475,1034.8833331998,2108.10599942085,1146.7169999999999,3281.8500001930493,683.9733335963998,390.654,1052.2666667982,544.024,172.623,1046.2,338.88977761485,80.64925,651.7111104594001,717.3919999999998,303.512,1226.3111112644,3082.508,1630.1725,4610.5888902062,888.4835545791997,483.296,1586.5777772896,345.10666679940005,131.406,530.9333328024,255.86888898729998,48.7135,639.6722220254002,1011.81599951355,80.26425,1864.7250003243
