,North East,North West,Yorkshire and The Humber,East Midlands,West Midlands,East of England,London,South East,South West,Wales,Scotland,Total Regions
0170 The University of Aberdeen Estimated Incoming Infection,0.539,0.775,0.345,0.0935,0.07800000000000001,0.13,0.5940000000000001,0.12250000000000001,0.07200000000000001,0.084,6.71,9.543
0095 Abertay University Estimated Incoming Infection,0.0735,0.1,0.03,0.011000000000000001,0.019500000000000003,0.015,0.027000000000000003,0.014000000000000002,0.012,0.0,3.51,3.812
0177 Aberystwyth University Estimated Incoming Infection,0.196,1.9,0.435,0.264,1.508,0.27,0.54,0.35,0.29600000000000004,5.5125,0.03,11.301499999999999
0213 AECC University College Estimated Incoming Infection,0.0,0.025,0.03,0.011000000000000001,0.026000000000000002,0.025,0.04050000000000001,0.059500000000000004,0.084,0.021,0.005,0.32700000000000007
0047 Anglia Ruskin University Estimated Incoming Infection,0.5145,1.1,0.705,0.8909999999999999,0.325,10.22,17.307000000000002,0.8015000000000001,0.18,0.1365,0.055,32.235499999999995
0108 Aston University Estimated Incoming Infection,0.3185,2.125,0.615,1.0175,7.156499999999999,0.555,3.888,0.5005000000000001,0.24400000000000002,0.294,0.03,16.744
0178 Bangor University Estimated Incoming Infection,0.34299999999999997,6.875,0.885,0.308,0.845,0.33,0.7155000000000001,0.34650000000000003,0.228,8.169,0.04,19.085
0048 Bath Spa University Estimated Incoming Infection,0.147,0.7,0.24,0.209,0.5525,0.4,1.026,0.8960000000000001,2.88,1.155,0.015,8.220500000000001
0109 The University of Bath Estimated Incoming Infection,0.539,2.35,0.72,0.4125,0.8125,1.025,3.9555000000000002,2.0125,1.572,1.4069999999999998,0.105,14.911000000000001
0026 University of Bedfordshire Estimated Incoming Infection,0.0735,0.525,0.195,0.8525,1.4235,4.455,6.1425,0.9590000000000001,0.068,0.063,0.02,14.777
0184 Queen's University Belfast Estimated Incoming Infection,0.3675,1.1,0.225,0.099,0.13,0.115,0.7290000000000001,0.18200000000000002,0.11200000000000002,0.1365,0.125,3.3209999999999997
0127 Birkbeck College Estimated Incoming Infection,0.098,0.25,0.165,0.0605,0.117,0.625,21.640500000000003,0.56,0.08800000000000001,0.063,0.01,23.677
0052 Birmingham City University Estimated Incoming Infection,0.3675,2.825,1.305,1.8425,20.072,0.74,2.619,0.742,0.64,0.6614999999999999,0.075,31.8895
0110 The University of Birmingham Estimated Incoming Infection,1.127,7.7,3.075,2.1285,9.743500000000001,2.08,7.452000000000001,2.5585000000000004,1.58,1.659,0.095,39.198499999999996
0200 University College Birmingham Estimated Incoming Infection,0.049,0.375,0.21,0.2585,2.9315,0.095,0.4590000000000001,0.0805,0.07200000000000001,0.11549999999999999,0.005,4.651
0007 Bishop Grosseteste University Estimated Incoming Infection,0.049,0.125,1.215,1.65,0.03900000000000001,0.205,0.027000000000000003,0.021,0.008,0.021,0.0,3.3599999999999994
0049 The University of Bolton Estimated Incoming Infection,0.17149999999999999,26.175,1.26,0.121,0.1625,0.07,0.2025,0.05250000000000001,0.052000000000000005,0.1785,0.02,28.465499999999995
0197 The Arts University Bournemouth Estimated Incoming Infection,0.0735,0.225,0.105,0.0935,0.169,0.225,0.972,0.679,0.652,0.11549999999999999,0.01,3.3194999999999997
0050 Bournemouth University Estimated Incoming Infection,0.147,0.625,0.27,0.2255,0.47450000000000003,0.975,4.482,3.6785,4.16,0.37799999999999995,0.035,15.450500000000002
0111 The University of Bradford Estimated Incoming Infection,0.392,4.925,17.235,0.1705,0.195,0.105,0.4725,0.07700000000000001,0.04,0.084,0.015,23.711000000000002
0051 The University of Brighton Estimated Incoming Infection,0.784,1.175,0.645,0.429,0.47450000000000003,1.705,8.3835,6.671,0.94,0.3885,0.065,21.6605
0337 The University College of Osteopathy Estimated Incoming Infection,0.0,0.025,0.015,0.011000000000000001,0.013000000000000001,0.05,0.5805,0.0665,0.008,0.0105,0.0,0.7795
0112 The University of Bristol Estimated Incoming Infection,1.078,4.875,1.695,0.7975,1.495,1.45,9.787500000000001,2.8840000000000003,3.528,2.3834999999999997,0.195,30.1685
0113 Brunel University London Estimated Incoming Infection,0.1225,0.6,0.225,0.154,0.2535,0.835,17.7525,1.1620000000000001,0.21600000000000003,0.21,0.025,21.555500000000002
0009 Buckinghamshire New University Estimated Incoming Infection,0.294,2.475,0.645,0.35200000000000004,1.014,1.1,9.666,2.1525000000000003,0.256,0.18899999999999997,0.045,18.1885
0203 The University of Buckingham Estimated Incoming Infection,0.0735,0.25,0.165,0.14300000000000002,0.169,0.355,1.2690000000000001,0.553,0.08800000000000001,0.0525,0.025,3.1430000000000002
0114 The University of Cambridge Estimated Incoming Infection,1.5925,4.375,2.13,0.7425,0.8775,2.59,8.694,1.778,0.74,0.63,0.305,24.4545
0188 The Institute of Cancer Research Estimated Incoming Infection,0.0,0.025,0.0,0.0055000000000000005,0.0,0.015,0.37800000000000006,0.0315,0.004,0.0105,0.0,0.4695000000000001
0012 Canterbury Christ Church University Estimated Incoming Infection,0.1225,0.4,0.15,0.11,0.10400000000000001,1.105,7.29,6.2685,0.11599999999999999,0.0735,0.02,15.7595
0179 Cardiff University Estimated Incoming Infection,0.441,3.075,0.885,0.55,2.041,0.725,3.4965,2.128,3.42,22.386,0.075,39.2225
0089 Cardiff Metropolitan University Estimated Incoming Infection,0.1225,0.75,0.24,0.1265,0.6175,0.15,0.36450000000000005,0.35,1.192,12.705,0.035,16.653
0053 The University of Central Lancashire Estimated Incoming Infection,1.1025,79.375,2.73,0.3575,0.6175,0.29,0.9585000000000001,0.231,0.168,0.4305,0.1,86.3605
0011 University of Chester Estimated Incoming Infection,0.735,34.725,1.515,0.396,2.2555,0.245,0.5670000000000001,0.19950000000000004,0.16,3.6959999999999997,0.035,44.528999999999996
0082 The University of Chichester Estimated Incoming Infection,0.098,0.3,0.15,0.1595,0.14950000000000002,0.29,0.8370000000000001,2.513,0.28,0.126,0.015,4.918
"0115 City, University of London Estimated Incoming Infection",0.17149999999999999,0.8,0.24,0.1595,0.221,1.03,24.381000000000004,0.7385,0.16399999999999998,0.126,0.07,28.1015
0199 Conservatoire for Dance and Drama Estimated Incoming Infection,0.17149999999999999,0.325,0.24,0.0495,0.065,0.08,0.6345000000000001,0.11900000000000001,0.08,0.084,0.035,1.8835
0201 Courtauld Institute of Art Estimated Incoming Infection,0.0,0.075,0.015,0.011000000000000001,0.013000000000000001,0.025,0.3375,0.035,0.028000000000000004,0.0105,0.0,0.55
0056 Coventry University Estimated Incoming Infection,0.46549999999999997,2.4,2.265,2.178,13.136500000000002,1.495,11.1375,1.3055,0.46399999999999997,0.4935,0.03,35.3705
0002 Cranfield University Estimated Incoming Infection,0.147,0.6,0.225,0.154,0.195,0.33,0.8910000000000001,0.37800000000000006,0.47600000000000003,0.126,0.055,3.577
0206 University for the Creative Arts Estimated Incoming Infection,0.0735,0.375,0.195,0.11,0.169,0.34,2.3760000000000003,1.3615000000000002,0.156,0.11549999999999999,0.025,5.296500000000001
0038 University of Cumbria Estimated Incoming Infection,1.8619999999999999,19.025,0.915,0.14300000000000002,0.13,0.105,1.4985000000000002,0.0805,0.07600000000000001,0.11549999999999999,0.17,24.1205
0068 De Montfort University Estimated Incoming Infection,0.5635,2.775,1.755,8.36,3.3605,1.785,6.4935,0.889,0.3,0.3885,0.035,26.705
0057 University of Derby Estimated Incoming Infection,0.5635,2.525,2.82,9.416,3.38,0.76,1.026,0.35350000000000004,0.20400000000000001,0.2415,0.035,21.324499999999997
0172 The University of Dundee Estimated Incoming Infection,0.7105,1.025,0.315,0.077,0.091,0.11,0.41850000000000004,0.10500000000000002,0.048,0.063,8.54,11.503
0116 University of Durham Estimated Incoming Infection,9.751,6.175,3.405,0.737,0.8385000000000001,1.325,4.914000000000001,1.5750000000000002,0.62,0.546,0.23,30.116499999999995
0117 The University of East Anglia Estimated Incoming Infection,0.5635,1.15,0.87,0.7315,0.3835,7.665,5.1975,1.274,0.312,0.1785,0.045,18.370500000000003
0058 The University of East London Estimated Incoming Infection,0.17149999999999999,0.725,0.27,0.154,0.2015,1.095,22.788,0.49700000000000005,0.128,0.11549999999999999,0.03,26.175500000000003
0016 Edge Hill University Estimated Incoming Infection,0.5635,52.775,1.275,0.2255,0.5395,0.115,0.21600000000000003,0.09450000000000001,0.07200000000000001,0.6825,0.025,56.58349999999999
0107 Edinburgh Napier University Estimated Incoming Infection,0.6615000000000001,0.4,0.18,0.0385,0.0455,0.04,0.135,0.035,0.028000000000000004,0.042,9.01,10.615499999999999
0167 The University of Edinburgh Estimated Incoming Infection,2.303,4.8,2.37,0.473,0.455,0.79,5.3325,1.1235000000000002,0.66,0.4725,10.355,29.1345
0118 The University of Essex Estimated Incoming Infection,0.245,0.8,0.42,0.275,0.338,4.225,9.841500000000002,0.8995000000000001,0.24400000000000002,0.1575,0.03,17.4755
0119 The University of Exeter Estimated Incoming Infection,0.34299999999999997,1.875,0.78,0.5335,1.3195000000000001,1.54,6.3180000000000005,3.1395000000000004,4.5840000000000005,1.7745,0.185,22.392
0017 Falmouth University Estimated Incoming Infection,0.196,0.95,0.36,0.242,0.5135000000000001,0.455,1.6470000000000002,0.7455000000000002,1.6,0.336,0.03,7.075
0229 The National Film and Television School Estimated Incoming Infection,0.0,0.025,0.015,0.011000000000000001,0.013000000000000001,0.015,0.22950000000000004,0.0245,0.008,0.0,0.005,0.3460000000000001
0106 Glasgow Caledonian University Estimated Incoming Infection,0.098,0.3,0.105,0.022000000000000002,0.0325,0.045,0.3105,0.049,0.028000000000000004,0.0315,13.84,14.8615
0097 Glasgow School of Art Estimated Incoming Infection,0.147,0.325,0.15,0.0275,0.026000000000000002,0.045,0.3375,0.049,0.036000000000000004,0.0315,0.925,2.0995
0168 The University of Glasgow Estimated Incoming Infection,1.715,3.125,0.99,0.154,0.20800000000000002,0.285,1.4445000000000001,0.3185,0.18,0.18899999999999997,16.72,25.329
0054 University of Gloucestershire Estimated Incoming Infection,0.147,0.625,0.285,0.275,1.2610000000000001,0.355,0.6480000000000001,0.5635000000000001,3.2640000000000002,1.2075,0.015,8.646
0087 Glyndŵr University Estimated Incoming Infection,0.049,2.775,0.075,0.022000000000000002,0.52,0.025,0.17550000000000002,0.014000000000000002,0.016,8.021999999999998,0.0,11.693499999999998
0131 Goldsmiths College Estimated Incoming Infection,0.2695,1.025,0.39,0.17600000000000002,0.2535,0.54,13.095,0.623,0.312,0.1575,0.05,16.8915
0336 Gower College Swansea Estimated Incoming Infection,0.0,0.0,0.0,0.0,0.0,0.0,0.0,0.0,0.0,0.2625,0.0,0.2625
0059 The University of Greenwich Estimated Incoming Infection,0.2205,0.575,0.375,0.1815,0.17550000000000002,1.2,22.626000000000005,2.0755,0.192,0.11549999999999999,0.03,27.766500000000004
0208 Guildhall School of Music and Drama Estimated Incoming Infection,0.0245,0.15,0.135,0.0275,0.0325,0.09,0.675,0.09450000000000001,0.044000000000000004,0.042,0.03,1.3450000000000002
0018 Harper Adams University Estimated Incoming Infection,0.5635,1.85,1.185,0.638,0.8190000000000001,0.59,0.3105,0.392,0.41200000000000003,0.6825,0.255,7.697500000000001
0352 Hartpury University Estimated Incoming Infection,0.0735,0.2,0.105,0.0825,0.31200000000000006,0.08,0.16200000000000003,0.18200000000000002,0.48,0.32549999999999996,0.015,2.0175
0171 Heriot-Watt University Estimated Incoming Infection,0.7105,1.075,0.375,0.066,0.0845,0.14,0.43200000000000005,0.11900000000000001,0.052000000000000005,0.0735,5.205,8.3325
0060 University of Hertfordshire Estimated Incoming Infection,0.34299999999999997,1.0,0.45,0.561,0.39649999999999996,7.88,18.900000000000002,1.3475,0.256,0.168,0.06,31.362
0061 The University of Huddersfield Estimated Incoming Infection,0.8575,11.675,28.56,0.385,0.31200000000000006,0.215,0.49950000000000006,0.12250000000000001,0.05600000000000001,0.21,0.025,42.917500000000004
0120 The University of Hull Estimated Incoming Infection,2.1315,3.875,27.615,1.0395,0.4485,0.545,1.4985000000000002,0.30800000000000005,0.11200000000000002,0.147,0.035,37.754999999999995
"0132 Imperial College of Science, Technology and Medicine Estimated Incoming Infection",0.637,2.375,0.93,0.3465,0.5265,0.835,10.0035,1.1165,0.396,0.483,0.205,17.854
0121 Keele University Estimated Incoming Infection,0.588,6.9,1.305,0.6655,5.7135,0.575,2.2950000000000004,0.511,0.26,0.525,0.04,19.377999999999997
0122 The University of Kent Estimated Incoming Infection,0.294,1.0,0.42,0.3575,0.364,2.105,12.8925,3.8360000000000003,0.35600000000000004,0.19949999999999998,0.025,21.8495
0134 King's College London Estimated Incoming Infection,0.9309999999999999,2.925,1.2,0.517,0.8320000000000001,1.715,29.106000000000005,2.289,0.768,0.5355,0.17,40.98850000000001
0063 Kingston University Estimated Incoming Infection,0.46549999999999997,0.925,0.495,0.1925,0.26,0.7,22.221000000000004,1.9425000000000003,0.42800000000000005,0.2415,0.03,27.901000000000003
0123 The University of Lancaster Estimated Incoming Infection,1.2985,21.85,2.49,0.451,0.8385000000000001,0.505,1.5525,0.49000000000000005,0.252,0.693,0.085,30.505500000000005
0211 Leeds Arts University Estimated Incoming Infection,0.5635,1.625,1.62,0.1485,0.091,0.125,0.29700000000000004,0.0875,0.048,0.0735,0.015,4.694
0064 Leeds Beckett University Estimated Incoming Infection,6.5415,18.05,31.245,1.7545,0.9035000000000001,0.89,1.4175,0.47950000000000004,0.316,0.4935,0.105,62.196
0351 Leeds College of Music Estimated Incoming Infection,0.2205,0.775,0.84,0.121,0.0975,0.105,0.2565,0.07350000000000001,0.052000000000000005,0.042,0.02,2.603
0124 The University of Leeds Estimated Incoming Infection,5.586,20.6,20.955,2.1615,1.8784999999999998,2.13,7.7085,1.8585000000000003,0.82,0.8295,0.155,64.6825
0040 Leeds Trinity University Estimated Incoming Infection,0.8575,1.675,6.885,0.1815,0.091,0.115,0.1215,0.045500000000000006,0.028000000000000004,0.0525,0.01,10.0625
0125 The University of Leicester Estimated Incoming Infection,0.6859999999999999,2.975,1.74,3.3110000000000004,1.8655000000000002,1.305,6.129000000000001,0.9275000000000001,0.32,0.39899999999999997,0.025,19.683
0062 The University of Lincoln Estimated Incoming Infection,1.0534999999999999,2.5,7.635,5.9675,0.8320000000000001,2.825,1.3365,0.56,0.14400000000000002,0.23099999999999998,0.015,23.0995
0023 Liverpool Hope University Estimated Incoming Infection,0.34299999999999997,15.15,0.54,0.1265,0.3835,0.06,0.21600000000000003,0.05250000000000001,0.036000000000000004,0.32549999999999996,0.01,17.243000000000002
0065 Liverpool John Moores University Estimated Incoming Infection,1.225,69.175,2.715,0.5775,1.6965000000000001,0.315,0.7560000000000001,0.2765,0.18400000000000002,3.003,0.035,79.95849999999999
0209 The Liverpool Institute for Performing Arts Estimated Incoming Infection,0.0735,1.075,0.18,0.055,0.091,0.035,0.1215,0.038500000000000006,0.02,0.0735,0.015,1.7779999999999996
0126 The University of Liverpool Estimated Incoming Infection,2.058,39.175,5.31,1.1825,2.5545,0.96,3.3480000000000003,1.0675000000000001,0.636,2.1,0.085,58.4765
0228 Liverpool School of Tropical Medicine Estimated Incoming Infection,0.0245,0.5,0.045,0.011000000000000001,0.013000000000000001,0.01,0.054000000000000006,0.0175,0.012,0.0315,0.015,0.7334999999999999
0334 Grŵp Llandrillo Menai Estimated Incoming Infection,0.0,0.05,0.0,0.0,0.0,0.0,0.0,0.0,0.0,2.9295,0.0,2.9795
"0024 University of the Arts, London Estimated Incoming Infection",0.539,1.825,0.93,0.363,0.429,0.935,11.043000000000001,1.0850000000000002,0.5880000000000001,0.273,0.115,18.125
0135 London Business School Estimated Incoming Infection,0.0,0.025,0.0,0.0055000000000000005,0.013000000000000001,0.015,1.0395,0.021,0.0,0.0,0.005,1.1239999999999999
0151 University of London (Institutes and activities) Estimated Incoming Infection,0.0,0.025,0.0,0.0,0.006500000000000001,0.02,0.21600000000000003,0.0175,0.004,0.0105,0.005,0.30450000000000005
0202 London Metropolitan University Estimated Incoming Infection,0.17149999999999999,0.55,0.255,0.1155,0.14300000000000002,0.605,16.9695,0.406,0.1,0.09449999999999999,0.03,19.439999999999998
0076 London South Bank University Estimated Incoming Infection,0.196,0.575,0.27,0.165,0.234,1.56,29.889,1.3020000000000003,0.212,0.1365,0.015,34.5545
0137 London School of Economics and Political Science Estimated Incoming Infection,0.245,0.975,0.345,0.1265,0.221,0.35,5.0895,0.4025000000000001,0.172,0.1365,0.05,8.113000000000001
0138 London School of Hygiene and Tropical Medicine Estimated Incoming Infection,0.0,0.075,0.03,0.0165,0.019500000000000003,0.05,0.9180000000000001,0.049,0.016,0.0105,0.01,1.1945000000000001
0152 Loughborough University Estimated Incoming Infection,0.8575,3.875,1.875,2.0735,1.508,1.81,5.454000000000001,1.6520000000000001,0.636,0.735,0.095,20.570999999999998
0066 The Manchester Metropolitan University Estimated Incoming Infection,3.381,87.975,8.835,1.6225,2.405,0.705,1.8630000000000002,0.637,0.536,1.5434999999999999,0.12,109.623
0204 The University of Manchester Estimated Incoming Infection,2.94,44.925,6.6,1.3475,2.184,1.205,7.614000000000001,1.5750000000000002,1.06,1.6905,0.255,71.39599999999999
0067 Middlesex University Estimated Incoming Infection,0.2695,0.925,0.54,0.2585,0.325,1.495,29.322000000000003,0.7665000000000001,0.196,0.1575,0.06,34.315000000000005
0154 Newcastle University Estimated Incoming Infection,25.627,13.35,9.735,1.5619999999999998,0.7929999999999999,1.285,3.6585,1.1480000000000001,0.532,0.441,0.44,58.57149999999999
0028 Newman University Estimated Incoming Infection,0.0245,0.1,0.075,0.066,3.302,0.025,0.10800000000000001,0.0175,0.02,0.021,0.005,3.764
0027 The University of Northampton Estimated Incoming Infection,0.196,0.575,0.375,4.4825,1.04,1.185,5.0355,0.9695,0.12,0.168,0.015,14.1615
0335 Grŵp NPTC Group Estimated Incoming Infection,0.0,0.0,0.0,0.0,0.0,0.0,0.0,0.0,0.0,0.336,0.0,0.336
0069 University of Northumbria at Newcastle Estimated Incoming Infection,65.415,7.6,8.73,0.6545000000000001,0.2275,0.34,1.35,0.2205,0.10400000000000001,0.126,0.19,84.9575
0190 Norwich University of the Arts Estimated Incoming Infection,0.0735,0.2,0.135,0.1815,0.0455,1.355,0.4590000000000001,0.15750000000000003,0.032,0.021,0.005,2.665
0155 University of Nottingham Estimated Incoming Infection,1.5434999999999999,8.05,4.635,6.468,3.2695,3.12,11.232000000000001,2.3520000000000003,0.8440000000000001,0.8504999999999999,0.075,42.43950000000001
0071 The Nottingham Trent University Estimated Incoming Infection,1.3719999999999999,6.175,4.62,11.4565,4.5695,3.745,5.980500000000001,1.6030000000000002,0.516,0.525,0.05,40.6125
0001 The Open University Estimated Incoming Infection,0.0,0.025,0.015,0.011000000000000001,0.006500000000000001,0.03,0.14850000000000002,0.11900000000000001,0.004,0.0,0.005,0.36400000000000005
0072 Oxford Brookes University Estimated Incoming Infection,0.294,1.15,0.555,0.605,1.3715000000000002,0.95,3.2670000000000003,4.298000000000001,1.7480000000000002,0.6509999999999999,0.085,14.974500000000003
0156 The University of Oxford Estimated Incoming Infection,1.3475,4.725,1.8,0.6709999999999999,1.274,1.395,10.543500000000002,3.3040000000000003,1.192,0.777,0.385,27.414000000000005
0230 Plymouth College of Art Estimated Incoming Infection,0.0245,0.1,0.045,0.033,0.0585,0.05,0.10800000000000001,0.09450000000000001,0.74,0.105,0.0,1.3585
0073 University of Plymouth Estimated Incoming Infection,0.3185,1.45,0.54,0.374,0.8710000000000001,0.675,2.1465,1.372,9.156,1.2494999999999998,0.04,18.192500000000003
0074 The University of Portsmouth Estimated Incoming Infection,0.2695,0.75,0.345,0.3795,0.6305000000000001,1.595,9.342,6.926500000000001,1.3119999999999998,0.567,0.03,22.147000000000006
"0100 Queen Margaret University, Edinburgh Estimated Incoming Infection",0.2695,0.525,0.12,0.0385,0.03900000000000001,0.04,0.21600000000000003,0.045500000000000006,0.044000000000000004,0.0735,3.41,4.821
0139 Queen Mary University of London Estimated Incoming Infection,0.49,1.8,0.675,0.3025,0.494,1.18,22.369500000000002,0.9835,0.364,0.32549999999999996,0.055,29.039
0030 Ravensbourne University London Estimated Incoming Infection,0.049,0.175,0.06,0.0495,0.052000000000000005,0.3,3.4155,0.24150000000000002,0.05600000000000001,0.0105,0.01,4.4190000000000005
0157 The University of Reading Estimated Incoming Infection,0.2695,1.175,0.555,0.47850000000000004,0.8645,1.32,6.0615000000000006,3.4020000000000006,1.3159999999999998,1.0605,0.055,16.5575
0104 The Robert Gordon University Estimated Incoming Infection,0.049,0.075,0.045,0.011000000000000001,0.013000000000000001,0.02,0.09450000000000001,0.0105,0.008,0.0105,7.14,7.4765
0031 Roehampton University Estimated Incoming Infection,0.098,1.2,0.24,0.319,1.3780000000000001,0.695,19.818,0.9450000000000002,0.172,0.063,0.015,24.943
0032 Rose Bruford College of Theatre and Performance Estimated Incoming Infection,0.049,0.225,0.105,0.033,0.0455,0.06,0.3375,0.0805,0.04,0.042,0.01,1.0275
0033 Royal Academy of Music Estimated Incoming Infection,0.0245,0.2,0.06,0.0385,0.019500000000000003,0.045,0.3105,0.059500000000000004,0.04,0.063,0.035,0.8955000000000001
0195 Royal Agricultural University Estimated Incoming Infection,0.0735,0.175,0.135,0.0935,0.117,0.13,0.16200000000000003,0.133,0.23600000000000002,0.063,0.02,1.338
0003 Royal College of Art Estimated Incoming Infection,0.0245,0.1,0.045,0.0165,0.0325,0.05,1.107,0.059500000000000004,0.032,0.0315,0.02,1.5185000000000002
0034 Royal College of Music Estimated Incoming Infection,0.0245,0.175,0.045,0.022000000000000002,0.026000000000000002,0.045,0.35100000000000003,0.045500000000000006,0.028000000000000004,0.042,0.02,0.8240000000000001
0101 Royal Conservatoire of Scotland Estimated Incoming Infection,0.049,0.15,0.075,0.0165,0.013000000000000001,0.02,0.08100000000000002,0.021,0.012,0.0315,0.64,1.109
0010 The Royal Central School of Speech and Drama Estimated Incoming Infection,0.049,0.175,0.09,0.0385,0.0455,0.09,0.621,0.1015,0.052000000000000005,0.0315,0.025,1.319
0141 Royal Holloway and Bedford New College Estimated Incoming Infection,0.196,0.7,0.36,0.17600000000000002,0.29900000000000004,0.825,8.086500000000001,1.8060000000000003,0.47600000000000003,0.252,0.02,13.196500000000002
0035 Royal Northern College of Music Estimated Incoming Infection,0.0735,0.825,0.165,0.0495,0.052000000000000005,0.04,0.135,0.045500000000000006,0.024,0.09449999999999999,0.04,1.5440000000000003
0143 The Royal Veterinary College Estimated Incoming Infection,0.147,0.5,0.285,0.1265,0.10400000000000001,0.325,0.8640000000000001,0.28700000000000003,0.14800000000000002,0.126,0.035,2.9475000000000002
0173 The University of St Andrews Estimated Incoming Infection,0.6125,1.6,0.63,0.1925,0.182,0.3,1.2960000000000003,0.38500000000000006,0.14,0.1575,2.805,8.3005
"0145 St George's, University of London Estimated Incoming Infection",0.1225,0.425,0.15,0.077,0.1365,0.27,6.885,0.6405000000000001,0.10400000000000001,0.09449999999999999,0.015,8.92
0194 St Mary's University College Estimated Incoming Infection,0.0,0.0,0.0,0.0,0.0,0.0,0.0,0.0,0.0,0.0,0.0,0.0
"0039 St Mary's University, Twickenham Estimated Incoming Infection",0.196,0.325,0.165,0.066,0.0845,0.405,6.885,0.8645,0.14,0.084,0.02,9.235
0158 The University of Salford Estimated Incoming Infection,1.4945,70.0,3.615,0.638,0.845,0.235,0.675,0.22750000000000004,0.14800000000000002,0.7034999999999999,0.065,78.64650000000002
0146 SOAS University of London Estimated Incoming Infection,0.1225,0.325,0.15,0.0605,0.0975,0.205,4.698,0.24150000000000002,0.1,0.0735,0.03,6.103500000000001
0175 SRUC Estimated Incoming Infection,0.0245,0.025,0.0,0.0,0.0,0.005,0.013500000000000002,0.0,0.004,0.0,1.37,1.4420000000000002
0075 Sheffield Hallam University Estimated Incoming Infection,2.7439999999999998,13.825,39.09,6.611000000000001,1.781,1.08,1.2825,0.462,0.292,0.357,0.075,67.5995
0159 The University of Sheffield Estimated Incoming Infection,2.891,13.4,15.0,2.9095,1.8915,1.735,3.9285,1.2670000000000001,0.6759999999999999,0.609,0.095,44.4025
0037 Solent University Estimated Incoming Infection,0.147,0.5,0.24,0.20350000000000001,0.2925,0.63,2.1195000000000004,3.0275000000000007,1.1560000000000001,0.273,0.04,8.629000000000001
0160 The University of Southampton Estimated Incoming Infection,0.3675,1.275,0.525,0.385,0.78,1.375,7.614000000000001,4.907,1.8920000000000001,0.8504999999999999,0.07,20.041
0077 Staffordshire University Estimated Incoming Infection,0.34299999999999997,7.7,0.855,0.748,9.074,0.35,0.7965000000000001,0.3115,0.20800000000000002,0.525,0.02,20.930999999999997
0174 The University of Stirling Estimated Incoming Infection,0.735,0.775,0.27,0.07150000000000001,0.0455,0.08,0.29700000000000004,0.09100000000000001,0.05600000000000001,0.063,7.895,10.379
0014 University of St Mark and St John Estimated Incoming Infection,0.0245,0.2,0.105,0.044000000000000004,0.07150000000000001,0.065,0.36450000000000005,0.1365,1.624,0.147,0.005,2.7869999999999995
0193 Stranmillis University College Estimated Incoming Infection,0.0,0.0,0.0,0.0,0.0,0.0,0.013500000000000002,0.0,0.0,0.0,0.0,0.013500000000000002
0169 The University of Strathclyde Estimated Incoming Infection,0.294,0.725,0.225,0.0495,0.07150000000000001,0.095,0.29700000000000004,0.084,0.048,0.0735,16.4,18.362499999999997
0210 University of Suffolk Estimated Incoming Infection,0.049,0.125,0.075,0.066,0.0325,4.395,4.8735,0.11900000000000001,0.028000000000000004,0.0105,0.0,9.773499999999999
0078 The University of Sunderland Estimated Incoming Infection,39.69,0.725,0.87,0.08800000000000001,0.065,0.275,6.615,0.12250000000000001,0.028000000000000004,0.0315,0.045,48.55500000000001
0161 The University of Surrey Estimated Incoming Infection,0.3185,1.0,0.39,0.2475,0.33149999999999996,0.91,8.1,3.6120000000000005,0.5880000000000001,0.3465,0.05,15.894000000000002
0162 The University of Sussex Estimated Incoming Infection,0.294,0.775,0.375,0.231,0.33149999999999996,1.245,9.234000000000002,4.095000000000001,0.7560000000000001,0.294,0.04,17.6705
0180 Swansea University Estimated Incoming Infection,0.147,1.875,0.465,0.363,1.1895,0.55,2.6325,1.3615000000000002,1.66,19.32,0.03,29.5935
0079 Teesside University Estimated Incoming Infection,60.2945,1.925,4.5,0.209,0.20800000000000002,0.18,0.54,0.1295,0.068,0.1785,0.07,68.3025
0041 Trinity Laban Conservatoire of Music and Dance Estimated Incoming Infection,0.0735,0.225,0.12,0.055,0.052000000000000005,0.095,0.6075,0.1295,0.07600000000000001,0.042,0.035,1.5105
0176 University of Wales Trinity Saint David Estimated Incoming Infection,0.0735,0.275,0.12,0.055,1.3130000000000002,0.16,3.0240000000000005,0.161,0.14400000000000002,14.363999999999999,0.01,19.6995
0196 University of the Highlands and Islands Estimated Incoming Infection,0.0245,0.175,0.06,0.011000000000000001,0.019500000000000003,0.02,0.08100000000000002,0.021,0.032,0.0315,8.955,9.4305
0185 Ulster University Estimated Incoming Infection,0.1225,0.325,0.09,0.0275,0.0585,0.035,0.7695000000000001,0.0315,0.024,0.021,0.035,1.5394999999999999
0149 University College London Estimated Incoming Infection,0.833,3.325,1.275,0.5665,0.8255,2.07,30.6855,2.212,0.804,0.6509999999999999,0.195,43.4425
0090 University of South Wales Estimated Incoming Infection,0.245,0.925,0.405,0.1925,0.5915,0.215,0.6345000000000001,0.40950000000000003,1.1,31.594499999999996,0.055,36.3675
0186 The University of Wales (central functions) Estimated Incoming Infection,0.0,0.0,0.0,0.0,0.0,0.0,0.0,0.0,0.0,0.0,0.0,0.0
0163 The University of Warwick Estimated Incoming Infection,0.7595000000000001,3.625,1.545,1.2705,4.4655000000000005,1.585,9.355500000000001,1.8095,0.7879999999999999,0.7665,0.125,26.095
"0081 University of the West of England, Bristol Estimated Incoming Infection",0.4165,1.675,0.675,0.462,1.7225,0.655,2.835,2.338,11.74,4.787999999999999,0.065,27.372
0105 The University of the West of Scotland Estimated Incoming Infection,0.1225,0.15,0.06,0.022000000000000002,0.026000000000000002,0.035,0.8370000000000001,0.028000000000000004,0.02,0.021,14.355,15.6765
0080 The University of West London Estimated Incoming Infection,0.245,0.575,0.285,0.165,0.221,0.49,14.472000000000001,1.4595000000000002,0.212,0.1785,0.035,18.338000000000005
0083 The University of Westminster Estimated Incoming Infection,0.294,0.975,0.36,0.1925,0.27949999999999997,1.01,23.4765,0.931,0.2,0.1365,0.025,27.88
0021 The University of Winchester Estimated Incoming Infection,0.1225,0.275,0.165,0.14300000000000002,0.2015,0.45,1.1205,3.073,1.1,0.147,0.01,6.8075
0085 The University of Wolverhampton Estimated Incoming Infection,0.6125,1.4,0.555,0.7095,19.1945,0.245,1.5795000000000001,0.23800000000000002,0.264,0.2625,0.04,25.1005
0046 University of Worcester Estimated Incoming Infection,0.147,0.675,0.285,0.2805,8.086,0.25,0.6885000000000001,0.30800000000000005,1.004,0.7454999999999999,0.02,12.4895
0189 Writtle University College Estimated Incoming Infection,0.0,0.05,0.045,0.0165,0.026000000000000002,0.405,0.17550000000000002,0.07350000000000001,0.02,0.0105,0.005,0.827
0013 York St John University Estimated Incoming Infection,5.3165,3.075,9.885,0.5335,0.20800000000000002,0.235,0.16200000000000003,0.07,0.048,0.105,0.03,19.668000000000003
0164 The University of York Estimated Incoming Infection,4.5325,8.65,10.41,1.331,1.1115000000000002,1.67,3.645,1.2425000000000002,0.49200000000000005,0.5145,0.13,33.729
Total Estimated Incoming Infection,294.441,868.725,355.14,115.08200000000001,190.6255,137.96,800.2665000000001,153.776,95.56800000000001,185.997,145.935,3343.5159999999996
